Domain Code,Domain,Area Code,Area,Element Code,Element,Item Code,Item,Year Code,Year,Unit,Value,Flag,Flag Description,Note
"GB","Burning - Crop Residues","2","Afghanistan","72317","Emissions (CO2eq) (Burning crop residues)","56","Maize","2016","2016","gigagrams","11.909","Fc","Calculated data",""
"GB","Burning - Crop Residues","2","Afghanistan","72317","Emissions (CO2eq) (Burning crop residues)","27","Rice, paddy","2016","2016","gigagrams","5.1313","Fc","Calculated data",""
"GB","Burning - Crop Residues","2","Afghanistan","72317","Emissions (CO2eq) (Burning crop residues)","156","Sugar cane","2016","2016","gigagrams","0.0679","Fc","Calculated data",""
"GB","Burning - Crop Residues","2","Afghanistan","72317","Emissions (CO2eq) (Burning crop residues)","15","Wheat","2016","2016","gigagrams","72.1346","Fc","Calculated data",""
"GB","Burning - Crop Residues","3","Albania","72317","Emissions (CO2eq) (Burning crop residues)","56","Maize","2016","2016","gigagrams","4.5886","Fc","Calculated data",""
"GB","Burning - Crop Residues","3","Albania","72317","Emissions (CO2eq) (Burning crop residues)","27","Rice, paddy","2016","2016","gigagrams","0","Fc","Calculated data",""
"GB","Burning - Crop Residues","3","Albania","72317","Emissions (CO2eq) (Burning crop residues)","15","Wheat","2016","2016","gigagrams","2.2113","Fc","Calculated data",""
"GB","Burning - Crop Residues","4","Algeria","72317","Emissions (CO2eq) (Burning crop residues)","56","Maize","2016","2016","gigagrams","0.0641","Fc","Calculated data",""
"GB","Burning - Crop Residues","4","Algeria","72317","Emissions (CO2eq) (Burning crop residues)","27","Rice, paddy","2016","2016","gigagrams","0.0059","Fc","Calculated data",""
"GB","Burning - Crop Residues","4","Algeria","72317","Emissions (CO2eq) (Burning crop residues)","15","Wheat","2016","2016","gigagrams","64.6699","Fc","Calculated data",""
"GB","Burning - Crop Residues","5","American Samoa","72317","Emissions (CO2eq) (Burning crop residues)","156","Sugar cane","2016","2016","gigagrams","0.0017","Fc","Calculated data",""
"GB","Burning - Crop Residues","7","Angola","72317","Emissions (CO2eq) (Burning crop residues)","56","Maize","2016","2016","gigagrams","163.7965","Fc","Calculated data",""
"GB","Burning - Crop Residues","7","Angola","72317","Emissions (CO2eq) (Burning crop residues)","27","Rice, paddy","2016","2016","gigagrams","1.6853","Fc","Calculated data",""
"GB","Burning - Crop Residues","7","Angola","72317","Emissions (CO2eq) (Burning crop residues)","156","Sugar cane","2016","2016","gigagrams","0.7242","Fc","Calculated data",""
"GB","Burning - Crop Residues","7","Angola","72317","Emissions (CO2eq) (Burning crop residues)","15","Wheat","2016","2016","gigagrams","0.1347","Fc","Calculated data",""
"GB","Burning - Crop Residues","8","Antigua and Barbuda","72317","Emissions (CO2eq) (Burning crop residues)","56","Maize","2016","2016","gigagrams","0.0037","Fc","Calculated data",""
"GB","Burning - Crop Residues","9","Argentina","72317","Emissions (CO2eq) (Burning crop residues)","56","Maize","2016","2016","gigagrams","419.1729","Fc","Calculated data",""
"GB","Burning - Crop Residues","9","Argentina","72317","Emissions (CO2eq) (Burning crop residues)","27","Rice, paddy","2016","2016","gigagrams","8.9577","Fc","Calculated data",""
"GB","Burning - Crop Residues","9","Argentina","72317","Emissions (CO2eq) (Burning crop residues)","156","Sugar cane","2016","2016","gigagrams","18.6477","Fc","Calculated data",""
"GB","Burning - Crop Residues","9","Argentina","72317","Emissions (CO2eq) (Burning crop residues)","15","Wheat","2016","2016","gigagrams","123.9693","Fc","Calculated data",""
"GB","Burning - Crop Residues","1","Armenia","72317","Emissions (CO2eq) (Burning crop residues)","56","Maize","2016","2016","gigagrams","0.2579","Fc","Calculated data",""
"GB","Burning - Crop Residues","1","Armenia","72317","Emissions (CO2eq) (Burning crop residues)","15","Wheat","2016","2016","gigagrams","3.3884","Fc","Calculated data",""
"GB","Burning - Crop Residues","10","Australia","72317","Emissions (CO2eq) (Burning crop residues)","56","Maize","2016","2016","gigagrams","4.1772","Fc","Calculated data",""
"GB","Burning - Crop Residues","10","Australia","72317","Emissions (CO2eq) (Burning crop residues)","27","Rice, paddy","2016","2016","gigagrams","1.1481","Fc","Calculated data",""
"GB","Burning - Crop Residues","10","Australia","72317","Emissions (CO2eq) (Burning crop residues)","156","Sugar cane","2016","2016","gigagrams","22.7895","Fc","Calculated data",""
"GB","Burning - Crop Residues","10","Australia","72317","Emissions (CO2eq) (Burning crop residues)","15","Wheat","2016","2016","gigagrams","353.8099","Fc","Calculated data",""
"GB","Burning - Crop Residues","11","Austria","72317","Emissions (CO2eq) (Burning crop residues)","56","Maize","2016","2016","gigagrams","15.3078","Fc","Calculated data",""
"GB","Burning - Crop Residues","11","Austria","72317","Emissions (CO2eq) (Burning crop residues)","15","Wheat","2016","2016","gigagrams","9.8812","Fc","Calculated data",""
"GB","Burning - Crop Residues","52","Azerbaijan","72317","Emissions (CO2eq) (Burning crop residues)","56","Maize","2016","2016","gigagrams","2.8104","Fc","Calculated data",""
"GB","Burning - Crop Residues","52","Azerbaijan","72317","Emissions (CO2eq) (Burning crop residues)","27","Rice, paddy","2016","2016","gigagrams","0.1082","Fc","Calculated data",""
"GB","Burning - Crop Residues","52","Azerbaijan","72317","Emissions (CO2eq) (Burning crop residues)","15","Wheat","2016","2016","gigagrams","18.5213","Fc","Calculated data",""
"GB","Burning - Crop Residues","12","Bahamas","72317","Emissions (CO2eq) (Burning crop residues)","56","Maize","2016","2016","gigagrams","0.0071","Fc","Calculated data",""
"GB","Burning - Crop Residues","12","Bahamas","72317","Emissions (CO2eq) (Burning crop residues)","156","Sugar cane","2016","2016","gigagrams","0.1185","Fc","Calculated data",""
"GB","Burning - Crop Residues","16","Bangladesh","72317","Emissions (CO2eq) (Burning crop residues)","56","Maize","2016","2016","gigagrams","26.262","Fc","Calculated data",""
"GB","Burning - Crop Residues","16","Bangladesh","72317","Emissions (CO2eq) (Burning crop residues)","27","Rice, paddy","2016","2016","gigagrams","474.3549","Fc","Calculated data",""
"GB","Burning - Crop Residues","16","Bangladesh","72317","Emissions (CO2eq) (Burning crop residues)","156","Sugar cane","2016","2016","gigagrams","5.0123","Fc","Calculated data",""
"GB","Burning - Crop Residues","16","Bangladesh","72317","Emissions (CO2eq) (Burning crop residues)","15","Wheat","2016","2016","gigagrams","13.9491","Fc","Calculated data",""
"GB","Burning - Crop Residues","14","Barbados","72317","Emissions (CO2eq) (Burning crop residues)","56","Maize","2016","2016","gigagrams","0.0026","Fc","Calculated data",""
"GB","Burning - Crop Residues","14","Barbados","72317","Emissions (CO2eq) (Burning crop residues)","156","Sugar cane","2016","2016","gigagrams","0.0883","Fc","Calculated data",""
"GB","Burning - Crop Residues","57","Belarus","72317","Emissions (CO2eq) (Burning crop residues)","56","Maize","2016","2016","gigagrams","9.7379","Fc","Calculated data",""
"GB","Burning - Crop Residues","57","Belarus","72317","Emissions (CO2eq) (Burning crop residues)","15","Wheat","2016","2016","gigagrams","22.2775","Fc","Calculated data",""
"GB","Burning - Crop Residues","255","Belgium","72317","Emissions (CO2eq) (Burning crop residues)","56","Maize","2016","2016","gigagrams","4.0828","Fc","Calculated data",""
"GB","Burning - Crop Residues","255","Belgium","72317","Emissions (CO2eq) (Burning crop residues)","15","Wheat","2016","2016","gigagrams","6.4691","Fc","Calculated data",""
"GB","Burning - Crop Residues","23","Belize","72317","Emissions (CO2eq) (Burning crop residues)","56","Maize","2016","2016","gigagrams","1.732","Fc","Calculated data",""
"GB","Burning - Crop Residues","23","Belize","72317","Emissions (CO2eq) (Burning crop residues)","27","Rice, paddy","2016","2016","gigagrams","0.1463","Fc","Calculated data",""
"GB","Burning - Crop Residues","23","Belize","72317","Emissions (CO2eq) (Burning crop residues)","156","Sugar cane","2016","2016","gigagrams","1.7308","Fc","Calculated data",""
"GB","Burning - Crop Residues","53","Benin","72317","Emissions (CO2eq) (Burning crop residues)","56","Maize","2016","2016","gigagrams","78.4283","Fc","Calculated data",""
"GB","Burning - Crop Residues","53","Benin","72317","Emissions (CO2eq) (Burning crop residues)","27","Rice, paddy","2016","2016","gigagrams","3.551","Fc","Calculated data",""
"GB","Burning - Crop Residues","53","Benin","72317","Emissions (CO2eq) (Burning crop residues)","156","Sugar cane","2016","2016","gigagrams","0.0305","Fc","Calculated data",""
"GB","Burning - Crop Residues","18","Bhutan","72317","Emissions (CO2eq) (Burning crop residues)","56","Maize","2016","2016","gigagrams","1.7968","Fc","Calculated data",""
"GB","Burning - Crop Residues","18","Bhutan","72317","Emissions (CO2eq) (Burning crop residues)","27","Rice, paddy","2016","2016","gigagrams","0.9262","Fc","Calculated data",""
"GB","Burning - Crop Residues","18","Bhutan","72317","Emissions (CO2eq) (Burning crop residues)","156","Sugar cane","2016","2016","gigagrams","0.024","Fc","Calculated data",""
"GB","Burning - Crop Residues","18","Bhutan","72317","Emissions (CO2eq) (Burning crop residues)","15","Wheat","2016","2016","gigagrams","0.0472","Fc","Calculated data",""
"GB","Burning - Crop Residues","19","Bolivia (Plurinational State of)","72317","Emissions (CO2eq) (Burning crop residues)","56","Maize","2016","2016","gigagrams","30.9142","Fc","Calculated data",""
"GB","Burning - Crop Residues","19","Bolivia (Plurinational State of)","72317","Emissions (CO2eq) (Burning crop residues)","27","Rice, paddy","2016","2016","gigagrams","7.0675","Fc","Calculated data",""
"GB","Burning - Crop Residues","19","Bolivia (Plurinational State of)","72317","Emissions (CO2eq) (Burning crop residues)","156","Sugar cane","2016","2016","gigagrams","7.4406","Fc","Calculated data",""
"GB","Burning - Crop Residues","19","Bolivia (Plurinational State of)","72317","Emissions (CO2eq) (Burning crop residues)","15","Wheat","2016","2016","gigagrams","7.2072","Fc","Calculated data",""
"GB","Burning - Crop Residues","80","Bosnia and Herzegovina","72317","Emissions (CO2eq) (Burning crop residues)","56","Maize","2016","2016","gigagrams","15.0308","Fc","Calculated data",""
"GB","Burning - Crop Residues","80","Bosnia and Herzegovina","72317","Emissions (CO2eq) (Burning crop residues)","15","Wheat","2016","2016","gigagrams","2.2389","Fc","Calculated data",""
"GB","Burning - Crop Residues","20","Botswana","72317","Emissions (CO2eq) (Burning crop residues)","56","Maize","2016","2016","gigagrams","4.3023","Fc","Calculated data",""
"GB","Burning - Crop Residues","21","Brazil","72317","Emissions (CO2eq) (Burning crop residues)","56","Maize","2016","2016","gigagrams","1172.7748","Fc","Calculated data",""
"GB","Burning - Crop Residues","21","Brazil","72317","Emissions (CO2eq) (Burning crop residues)","27","Rice, paddy","2016","2016","gigagrams","83.8226","Fc","Calculated data",""
"GB","Burning - Crop Residues","21","Brazil","72317","Emissions (CO2eq) (Burning crop residues)","156","Sugar cane","2016","2016","gigagrams","520.9597","Fc","Calculated data",""
"GB","Burning - Crop Residues","21","Brazil","72317","Emissions (CO2eq) (Burning crop residues)","15","Wheat","2016","2016","gigagrams","67.9311","Fc","Calculated data",""
"GB","Burning - Crop Residues","26","Brunei Darussalam","72317","Emissions (CO2eq) (Burning crop residues)","27","Rice, paddy","2016","2016","gigagrams","0.0437","Fc","Calculated data",""
"GB","Burning - Crop Residues","27","Bulgaria","72317","Emissions (CO2eq) (Burning crop residues)","56","Maize","2016","2016","gigagrams","31.9043","Fc","Calculated data",""
"GB","Burning - Crop Residues","27","Bulgaria","72317","Emissions (CO2eq) (Burning crop residues)","27","Rice, paddy","2016","2016","gigagrams","0.5169","Fc","Calculated data",""
"GB","Burning - Crop Residues","27","Bulgaria","72317","Emissions (CO2eq) (Burning crop residues)","15","Wheat","2016","2016","gigagrams","37.3996","Fc","Calculated data",""
"GB","Burning - Crop Residues","233","Burkina Faso","72317","Emissions (CO2eq) (Burning crop residues)","56","Maize","2016","2016","gigagrams","71.4795","Fc","Calculated data",""
"GB","Burning - Crop Residues","233","Burkina Faso","72317","Emissions (CO2eq) (Burning crop residues)","27","Rice, paddy","2016","2016","gigagrams","7.3372","Fc","Calculated data",""
"GB","Burning - Crop Residues","233","Burkina Faso","72317","Emissions (CO2eq) (Burning crop residues)","156","Sugar cane","2016","2016","gigagrams","0.2458","Fc","Calculated data",""
"GB","Burning - Crop Residues","29","Burundi","72317","Emissions (CO2eq) (Burning crop residues)","56","Maize","2016","2016","gigagrams","14.3988","Fc","Calculated data",""
"GB","Burning - Crop Residues","29","Burundi","72317","Emissions (CO2eq) (Burning crop residues)","27","Rice, paddy","2016","2016","gigagrams","2.7489","Fc","Calculated data",""
"GB","Burning - Crop Residues","29","Burundi","72317","Emissions (CO2eq) (Burning crop residues)","156","Sugar cane","2016","2016","gigagrams","0.1528","Fc","Calculated data",""
"GB","Burning - Crop Residues","29","Burundi","72317","Emissions (CO2eq) (Burning crop residues)","15","Wheat","2016","2016","gigagrams","0.3209","Fc","Calculated data",""
"GB","Burning - Crop Residues","35","Cabo Verde","72317","Emissions (CO2eq) (Burning crop residues)","56","Maize","2016","2016","gigagrams","2.4851","Fc","Calculated data",""
"GB","Burning - Crop Residues","35","Cabo Verde","72317","Emissions (CO2eq) (Burning crop residues)","156","Sugar cane","2016","2016","gigagrams","0.0656","Fc","Calculated data",""
"GB","Burning - Crop Residues","115","Cambodia","72317","Emissions (CO2eq) (Burning crop residues)","56","Maize","2016","2016","gigagrams","11.2763","Fc","Calculated data",""
"GB","Burning - Crop Residues","115","Cambodia","72317","Emissions (CO2eq) (Burning crop residues)","27","Rice, paddy","2016","2016","gigagrams","125.4173","Fc","Calculated data",""
"GB","Burning - Crop Residues","115","Cambodia","72317","Emissions (CO2eq) (Burning crop residues)","156","Sugar cane","2016","2016","gigagrams","1.4764","Fc","Calculated data",""
"GB","Burning - Crop Residues","32","Cameroon","72317","Emissions (CO2eq) (Burning crop residues)","56","Maize","2016","2016","gigagrams","94.6298","Fc","Calculated data",""
"GB","Burning - Crop Residues","32","Cameroon","72317","Emissions (CO2eq) (Burning crop residues)","27","Rice, paddy","2016","2016","gigagrams","11.9087","Fc","Calculated data",""
"GB","Burning - Crop Residues","32","Cameroon","72317","Emissions (CO2eq) (Burning crop residues)","156","Sugar cane","2016","2016","gigagrams","6.9426","Fc","Calculated data",""
"GB","Burning - Crop Residues","32","Cameroon","72317","Emissions (CO2eq) (Burning crop residues)","15","Wheat","2016","2016","gigagrams","0.0211","Fc","Calculated data",""
"GB","Burning - Crop Residues","33","Canada","72317","Emissions (CO2eq) (Burning crop residues)","56","Maize","2016","2016","gigagrams","103.3077","Fc","Calculated data",""
"GB","Burning - Crop Residues","33","Canada","72317","Emissions (CO2eq) (Burning crop residues)","15","Wheat","2016","2016","gigagrams","290.4438","Fc","Calculated data",""
"GB","Burning - Crop Residues","37","Central African Republic","72317","Emissions (CO2eq) (Burning crop residues)","56","Maize","2016","2016","gigagrams","9.0508","Fc","Calculated data",""
"GB","Burning - Crop Residues","37","Central African Republic","72317","Emissions (CO2eq) (Burning crop residues)","27","Rice, paddy","2016","2016","gigagrams","0.3384","Fc","Calculated data",""
"GB","Burning - Crop Residues","37","Central African Republic","72317","Emissions (CO2eq) (Burning crop residues)","156","Sugar cane","2016","2016","gigagrams","1.0716","Fc","Calculated data",""
"GB","Burning - Crop Residues","39","Chad","72317","Emissions (CO2eq) (Burning crop residues)","56","Maize","2016","2016","gigagrams","27.3393","Fc","Calculated data",""
"GB","Burning - Crop Residues","39","Chad","72317","Emissions (CO2eq) (Burning crop residues)","27","Rice, paddy","2016","2016","gigagrams","7.8653","Fc","Calculated data",""
"GB","Burning - Crop Residues","39","Chad","72317","Emissions (CO2eq) (Burning crop residues)","156","Sugar cane","2016","2016","gigagrams","0.2259","Fc","Calculated data",""
"GB","Burning - Crop Residues","39","Chad","72317","Emissions (CO2eq) (Burning crop residues)","15","Wheat","2016","2016","gigagrams","0.0273","Fc","Calculated data",""
"GB","Burning - Crop Residues","40","Chile","72317","Emissions (CO2eq) (Burning crop residues)","56","Maize","2016","2016","gigagrams","7.9764","Fc","Calculated data",""
"GB","Burning - Crop Residues","40","Chile","72317","Emissions (CO2eq) (Burning crop residues)","27","Rice, paddy","2016","2016","gigagrams","1.1444","Fc","Calculated data",""
"GB","Burning - Crop Residues","40","Chile","72317","Emissions (CO2eq) (Burning crop residues)","15","Wheat","2016","2016","gigagrams","8.9469","Fc","Calculated data",""
"GB","Burning - Crop Residues","351","China","72317","Emissions (CO2eq) (Burning crop residues)","56","Maize","2016","2016","gigagrams","3465.9339","A","Aggregate, may include official, semi-official, estimated or calculated data",""
"GB","Burning - Crop Residues","351","China","72317","Emissions (CO2eq) (Burning crop residues)","27","Rice, paddy","2016","2016","gigagrams","1337.5754","A","Aggregate, may include official, semi-official, estimated or calculated data",""
"GB","Burning - Crop Residues","351","China","72317","Emissions (CO2eq) (Burning crop residues)","156","Sugar cane","2016","2016","gigagrams","71.9373","A","Aggregate, may include official, semi-official, estimated or calculated data",""
"GB","Burning - Crop Residues","351","China","72317","Emissions (CO2eq) (Burning crop residues)","15","Wheat","2016","2016","gigagrams","774.5494","A","Aggregate, may include official, semi-official, estimated or calculated data",""
"GB","Burning - Crop Residues","96","China, Hong Kong SAR","72317","Emissions (CO2eq) (Burning crop residues)","27","Rice, paddy","2016","2016","gigagrams","0","Fc","Calculated data",""
"GB","Burning - Crop Residues","41","China, mainland","72317","Emissions (CO2eq) (Burning crop residues)","56","Maize","2016","2016","gigagrams","3463.5552","Fc","Calculated data",""
"GB","Burning - Crop Residues","41","China, mainland","72317","Emissions (CO2eq) (Burning crop residues)","27","Rice, paddy","2016","2016","gigagrams","1325.7675","Fc","Calculated data",""
"GB","Burning - Crop Residues","41","China, mainland","72317","Emissions (CO2eq) (Burning crop residues)","156","Sugar cane","2016","2016","gigagrams","71.4459","Fc","Calculated data",""
"GB","Burning - Crop Residues","41","China, mainland","72317","Emissions (CO2eq) (Burning crop residues)","15","Wheat","2016","2016","gigagrams","774.4666","Fc","Calculated data",""
"GB","Burning - Crop Residues","214","China, Taiwan Province of","72317","Emissions (CO2eq) (Burning crop residues)","56","Maize","2016","2016","gigagrams","2.3787","Fc","Calculated data",""
"GB","Burning - Crop Residues","214","China, Taiwan Province of","72317","Emissions (CO2eq) (Burning crop residues)","27","Rice, paddy","2016","2016","gigagrams","11.8079","Fc","Calculated data",""
"GB","Burning - Crop Residues","214","China, Taiwan Province of","72317","Emissions (CO2eq) (Burning crop residues)","156","Sugar cane","2016","2016","gigagrams","0.4914","Fc","Calculated data",""
"GB","Burning - Crop Residues","214","China, Taiwan Province of","72317","Emissions (CO2eq) (Burning crop residues)","15","Wheat","2016","2016","gigagrams","0.0828","Fc","Calculated data",""
"GB","Burning - Crop Residues","44","Colombia","72317","Emissions (CO2eq) (Burning crop residues)","56","Maize","2016","2016","gigagrams","33.0335","Fc","Calculated data",""
"GB","Burning - Crop Residues","44","Colombia","72317","Emissions (CO2eq) (Burning crop residues)","27","Rice, paddy","2016","2016","gigagrams","24.597","Fc","Calculated data",""
"GB","Burning - Crop Residues","44","Colombia","72317","Emissions (CO2eq) (Burning crop residues)","156","Sugar cane","2016","2016","gigagrams","20.5019","Fc","Calculated data",""
"GB","Burning - Crop Residues","44","Colombia","72317","Emissions (CO2eq) (Burning crop residues)","15","Wheat","2016","2016","gigagrams","0.2666","Fc","Calculated data",""
"GB","Burning - Crop Residues","45","Comoros","72317","Emissions (CO2eq) (Burning crop residues)","56","Maize","2016","2016","gigagrams","0.2366","Fc","Calculated data",""
"GB","Burning - Crop Residues","45","Comoros","72317","Emissions (CO2eq) (Burning crop residues)","27","Rice, paddy","2016","2016","gigagrams","1.1089","Fc","Calculated data",""
"GB","Burning - Crop Residues","46","Congo","72317","Emissions (CO2eq) (Burning crop residues)","56","Maize","2016","2016","gigagrams","1.0903","Fc","Calculated data",""
"GB","Burning - Crop Residues","46","Congo","72317","Emissions (CO2eq) (Burning crop residues)","27","Rice, paddy","2016","2016","gigagrams","0.0864","Fc","Calculated data",""
"GB","Burning - Crop Residues","46","Congo","72317","Emissions (CO2eq) (Burning crop residues)","156","Sugar cane","2016","2016","gigagrams","1.0208","Fc","Calculated data",""
"GB","Burning - Crop Residues","48","Costa Rica","72317","Emissions (CO2eq) (Burning crop residues)","56","Maize","2016","2016","gigagrams","0.3849","Fc","Calculated data",""
"GB","Burning - Crop Residues","48","Costa Rica","72317","Emissions (CO2eq) (Burning crop residues)","27","Rice, paddy","2016","2016","gigagrams","2.079","Fc","Calculated data",""
"GB","Burning - Crop Residues","48","Costa Rica","72317","Emissions (CO2eq) (Burning crop residues)","156","Sugar cane","2016","2016","gigagrams","3.3371","Fc","Calculated data",""
"GB","Burning - Crop Residues","107","Côte d'Ivoire","72317","Emissions (CO2eq) (Burning crop residues)","56","Maize","2016","2016","gigagrams","38.5492","Fc","Calculated data",""
"GB","Burning - Crop Residues","107","Côte d'Ivoire","72317","Emissions (CO2eq) (Burning crop residues)","27","Rice, paddy","2016","2016","gigagrams","35.2853","Fc","Calculated data",""
"GB","Burning - Crop Residues","107","Côte d'Ivoire","72317","Emissions (CO2eq) (Burning crop residues)","156","Sugar cane","2016","2016","gigagrams","1.1902","Fc","Calculated data",""
"GB","Burning - Crop Residues","98","Croatia","72317","Emissions (CO2eq) (Burning crop residues)","56","Maize","2016","2016","gigagrams","19.7624","Fc","Calculated data",""
"GB","Burning - Crop Residues","98","Croatia","72317","Emissions (CO2eq) (Burning crop residues)","15","Wheat","2016","2016","gigagrams","5.2694","Fc","Calculated data",""
"GB","Burning - Crop Residues","49","Cuba","72317","Emissions (CO2eq) (Burning crop residues)","56","Maize","2016","2016","gigagrams","13.3608","Fc","Calculated data",""
"GB","Burning - Crop Residues","49","Cuba","72317","Emissions (CO2eq) (Burning crop residues)","27","Rice, paddy","2016","2016","gigagrams","6.0375","Fc","Calculated data",""
"GB","Burning - Crop Residues","49","Cuba","72317","Emissions (CO2eq) (Burning crop residues)","156","Sugar cane","2016","2016","gigagrams","21.4847","Fc","Calculated data",""
"GB","Burning - Crop Residues","50","Cyprus","72317","Emissions (CO2eq) (Burning crop residues)","15","Wheat","2016","2016","gigagrams","0.263","Fc","Calculated data",""
"GB","Burning - Crop Residues","167","Czechia","72317","Emissions (CO2eq) (Burning crop residues)","56","Maize","2016","2016","gigagrams","6.7743","Fc","Calculated data",""
"GB","Burning - Crop Residues","167","Czechia","72317","Emissions (CO2eq) (Burning crop residues)","15","Wheat","2016","2016","gigagrams","26.3333","Fc","Calculated data",""
"GB","Burning - Crop Residues","116","Democratic People's Republic of Korea","72317","Emissions (CO2eq) (Burning crop residues)","56","Maize","2016","2016","gigagrams","42.6888","Fc","Calculated data",""
"GB","Burning - Crop Residues","116","Democratic People's Republic of Korea","72317","Emissions (CO2eq) (Burning crop residues)","27","Rice, paddy","2016","2016","gigagrams","20.2103","Fc","Calculated data",""
"GB","Burning - Crop Residues","116","Democratic People's Republic of Korea","72317","Emissions (CO2eq) (Burning crop residues)","15","Wheat","2016","2016","gigagrams","0.9878","Fc","Calculated data",""
"GB","Burning - Crop Residues","250","Democratic Republic of the Congo","72317","Emissions (CO2eq) (Burning crop residues)","56","Maize","2016","2016","gigagrams","201.9634","Fc","Calculated data",""
"GB","Burning - Crop Residues","250","Democratic Republic of the Congo","72317","Emissions (CO2eq) (Burning crop residues)","27","Rice, paddy","2016","2016","gigagrams","57.3021","Fc","Calculated data",""
"GB","Burning - Crop Residues","250","Democratic Republic of the Congo","72317","Emissions (CO2eq) (Burning crop residues)","156","Sugar cane","2016","2016","gigagrams","2.4823","Fc","Calculated data",""
"GB","Burning - Crop Residues","250","Democratic Republic of the Congo","72317","Emissions (CO2eq) (Burning crop residues)","15","Wheat","2016","2016","gigagrams","0.1733","Fc","Calculated data",""
"GB","Burning - Crop Residues","54","Denmark","72317","Emissions (CO2eq) (Burning crop residues)","56","Maize","2016","2016","gigagrams","0.4469","Fc","Calculated data",""
"GB","Burning - Crop Residues","54","Denmark","72317","Emissions (CO2eq) (Burning crop residues)","15","Wheat","2016","2016","gigagrams","18.2829","Fc","Calculated data",""
"GB","Burning - Crop Residues","72","Djibouti","72317","Emissions (CO2eq) (Burning crop residues)","56","Maize","2016","2016","gigagrams","0.0006","Fc","Calculated data",""
"GB","Burning - Crop Residues","55","Dominica","72317","Emissions (CO2eq) (Burning crop residues)","56","Maize","2016","2016","gigagrams","0.0087","Fc","Calculated data",""
"GB","Burning - Crop Residues","55","Dominica","72317","Emissions (CO2eq) (Burning crop residues)","156","Sugar cane","2016","2016","gigagrams","0.0124","Fc","Calculated data",""
"GB","Burning - Crop Residues","56","Dominican Republic","72317","Emissions (CO2eq) (Burning crop residues)","56","Maize","2016","2016","gigagrams","1.9835","Fc","Calculated data",""
"GB","Burning - Crop Residues","56","Dominican Republic","72317","Emissions (CO2eq) (Burning crop residues)","27","Rice, paddy","2016","2016","gigagrams","7.0797","Fc","Calculated data",""
"GB","Burning - Crop Residues","56","Dominican Republic","72317","Emissions (CO2eq) (Burning crop residues)","156","Sugar cane","2016","2016","gigagrams","5.802","Fc","Calculated data",""
"GB","Burning - Crop Residues","58","Ecuador","72317","Emissions (CO2eq) (Burning crop residues)","56","Maize","2016","2016","gigagrams","23.9978","Fc","Calculated data",""
"GB","Burning - Crop Residues","58","Ecuador","72317","Emissions (CO2eq) (Burning crop residues)","27","Rice, paddy","2016","2016","gigagrams","15.7903","Fc","Calculated data",""
"GB","Burning - Crop Residues","58","Ecuador","72317","Emissions (CO2eq) (Burning crop residues)","156","Sugar cane","2016","2016","gigagrams","5.3335","Fc","Calculated data",""
"GB","Burning - Crop Residues","58","Ecuador","72317","Emissions (CO2eq) (Burning crop residues)","15","Wheat","2016","2016","gigagrams","0.1387","Fc","Calculated data",""
"GB","Burning - Crop Residues","59","Egypt","72317","Emissions (CO2eq) (Burning crop residues)","56","Maize","2016","2016","gigagrams","80.5703","Fc","Calculated data",""
"GB","Burning - Crop Residues","59","Egypt","72317","Emissions (CO2eq) (Burning crop residues)","27","Rice, paddy","2016","2016","gigagrams","24.5218","Fc","Calculated data",""
"GB","Burning - Crop Residues","59","Egypt","72317","Emissions (CO2eq) (Burning crop residues)","156","Sugar cane","2016","2016","gigagrams","6.9784","Fc","Calculated data",""
"GB","Burning - Crop Residues","59","Egypt","72317","Emissions (CO2eq) (Burning crop residues)","15","Wheat","2016","2016","gigagrams","44.1827","Fc","Calculated data",""
"GB","Burning - Crop Residues","60","El Salvador","72317","Emissions (CO2eq) (Burning crop residues)","56","Maize","2016","2016","gigagrams","23.7961","Fc","Calculated data",""
"GB","Burning - Crop Residues","60","El Salvador","72317","Emissions (CO2eq) (Burning crop residues)","27","Rice, paddy","2016","2016","gigagrams","0.1718","Fc","Calculated data",""
"GB","Burning - Crop Residues","60","El Salvador","72317","Emissions (CO2eq) (Burning crop residues)","156","Sugar cane","2016","2016","gigagrams","4.0311","Fc","Calculated data",""
"GB","Burning - Crop Residues","178","Eritrea","72317","Emissions (CO2eq) (Burning crop residues)","56","Maize","2016","2016","gigagrams","1.568","Fc","Calculated data",""
"GB","Burning - Crop Residues","178","Eritrea","72317","Emissions (CO2eq) (Burning crop residues)","15","Wheat","2016","2016","gigagrams","0.784","Fc","Calculated data",""
"GB","Burning - Crop Residues","63","Estonia","72317","Emissions (CO2eq) (Burning crop residues)","15","Wheat","2016","2016","gigagrams","5.1601","Fc","Calculated data",""
"GB","Burning - Crop Residues","209","Eswatini","72317","Emissions (CO2eq) (Burning crop residues)","56","Maize","2016","2016","gigagrams","6.0183","Fc","Calculated data",""
"GB","Burning - Crop Residues","209","Eswatini","72317","Emissions (CO2eq) (Burning crop residues)","27","Rice, paddy","2016","2016","gigagrams","0.0015","Fc","Calculated data",""
"GB","Burning - Crop Residues","209","Eswatini","72317","Emissions (CO2eq) (Burning crop residues)","156","Sugar cane","2016","2016","gigagrams","2.9973","Fc","Calculated data",""
"GB","Burning - Crop Residues","209","Eswatini","72317","Emissions (CO2eq) (Burning crop residues)","15","Wheat","2016","2016","gigagrams","0.0103","Fc","Calculated data",""
"GB","Burning - Crop Residues","238","Ethiopia","72317","Emissions (CO2eq) (Burning crop residues)","56","Maize","2016","2016","gigagrams","167.4288","Fc","Calculated data",""
"GB","Burning - Crop Residues","238","Ethiopia","72317","Emissions (CO2eq) (Burning crop residues)","27","Rice, paddy","2016","2016","gigagrams","2.0878","Fc","Calculated data",""
"GB","Burning - Crop Residues","238","Ethiopia","72317","Emissions (CO2eq) (Burning crop residues)","156","Sugar cane","2016","2016","gigagrams","1.5918","Fc","Calculated data",""
"GB","Burning - Crop Residues","238","Ethiopia","72317","Emissions (CO2eq) (Burning crop residues)","15","Wheat","2016","2016","gigagrams","53.1892","Fc","Calculated data",""
"GB","Burning - Crop Residues","66","Fiji","72317","Emissions (CO2eq) (Burning crop residues)","56","Maize","2016","2016","gigagrams","0.0227","Fc","Calculated data",""
"GB","Burning - Crop Residues","66","Fiji","72317","Emissions (CO2eq) (Burning crop residues)","27","Rice, paddy","2016","2016","gigagrams","0.0869","Fc","Calculated data",""
"GB","Burning - Crop Residues","66","Fiji","72317","Emissions (CO2eq) (Burning crop residues)","156","Sugar cane","2016","2016","gigagrams","1.9045","Fc","Calculated data",""
"GB","Burning - Crop Residues","67","Finland","72317","Emissions (CO2eq) (Burning crop residues)","15","Wheat","2016","2016","gigagrams","6.7455","Fc","Calculated data",""
"GB","Burning - Crop Residues","68","France","72317","Emissions (CO2eq) (Burning crop residues)","56","Maize","2016","2016","gigagrams","116.584","Fc","Calculated data",""
"GB","Burning - Crop Residues","68","France","72317","Emissions (CO2eq) (Burning crop residues)","27","Rice, paddy","2016","2016","gigagrams","0.736","Fc","Calculated data",""
"GB","Burning - Crop Residues","68","France","72317","Emissions (CO2eq) (Burning crop residues)","15","Wheat","2016","2016","gigagrams","174.4417","Fc","Calculated data",""
"GB","Burning - Crop Residues","69","French Guyana","72317","Emissions (CO2eq) (Burning crop residues)","56","Maize","2016","2016","gigagrams","0.0078","Fc","Calculated data",""
"GB","Burning - Crop Residues","69","French Guyana","72317","Emissions (CO2eq) (Burning crop residues)","27","Rice, paddy","2016","2016","gigagrams","0.0733","Fc","Calculated data",""
"GB","Burning - Crop Residues","69","French Guyana","72317","Emissions (CO2eq) (Burning crop residues)","156","Sugar cane","2016","2016","gigagrams","0.0102","Fc","Calculated data",""
"GB","Burning - Crop Residues","70","French Polynesia","72317","Emissions (CO2eq) (Burning crop residues)","156","Sugar cane","2016","2016","gigagrams","0.0021","Fc","Calculated data",""
"GB","Burning - Crop Residues","74","Gabon","72317","Emissions (CO2eq) (Burning crop residues)","56","Maize","2016","2016","gigagrams","2.2106","Fc","Calculated data",""
"GB","Burning - Crop Residues","74","Gabon","72317","Emissions (CO2eq) (Burning crop residues)","27","Rice, paddy","2016","2016","gigagrams","0.0251","Fc","Calculated data",""
"GB","Burning - Crop Residues","74","Gabon","72317","Emissions (CO2eq) (Burning crop residues)","156","Sugar cane","2016","2016","gigagrams","0.2393","Fc","Calculated data",""
"GB","Burning - Crop Residues","75","Gambia","72317","Emissions (CO2eq) (Burning crop residues)","56","Maize","2016","2016","gigagrams","3.336","Fc","Calculated data",""
"GB","Burning - Crop Residues","75","Gambia","72317","Emissions (CO2eq) (Burning crop residues)","27","Rice, paddy","2016","2016","gigagrams","2.8416","Fc","Calculated data",""
"GB","Burning - Crop Residues","73","Georgia","72317","Emissions (CO2eq) (Burning crop residues)","56","Maize","2016","2016","gigagrams","7.2912","Fc","Calculated data",""
"GB","Burning - Crop Residues","73","Georgia","72317","Emissions (CO2eq) (Burning crop residues)","15","Wheat","2016","2016","gigagrams","1.5429","Fc","Calculated data",""
"GB","Burning - Crop Residues","79","Germany","72317","Emissions (CO2eq) (Burning crop residues)","56","Maize","2016","2016","gigagrams","32.6379","Fc","Calculated data",""
"GB","Burning - Crop Residues","79","Germany","72317","Emissions (CO2eq) (Burning crop residues)","15","Wheat","2016","2016","gigagrams","100.4053","Fc","Calculated data",""
"GB","Burning - Crop Residues","81","Ghana","72317","Emissions (CO2eq) (Burning crop residues)","56","Maize","2016","2016","gigagrams","69.2296","Fc","Calculated data",""
"GB","Burning - Crop Residues","81","Ghana","72317","Emissions (CO2eq) (Burning crop residues)","27","Rice, paddy","2016","2016","gigagrams","10.5151","Fc","Calculated data",""
"GB","Burning - Crop Residues","81","Ghana","72317","Emissions (CO2eq) (Burning crop residues)","156","Sugar cane","2016","2016","gigagrams","0.3115","Fc","Calculated data",""
"GB","Burning - Crop Residues","84","Greece","72317","Emissions (CO2eq) (Burning crop residues)","56","Maize","2016","2016","gigagrams","10.9274","Fc","Calculated data",""
"GB","Burning - Crop Residues","84","Greece","72317","Emissions (CO2eq) (Burning crop residues)","27","Rice, paddy","2016","2016","gigagrams","1.5152","Fc","Calculated data",""
"GB","Burning - Crop Residues","84","Greece","72317","Emissions (CO2eq) (Burning crop residues)","15","Wheat","2016","2016","gigagrams","16.8334","Fc","Calculated data",""
"GB","Burning - Crop Residues","86","Grenada","72317","Emissions (CO2eq) (Burning crop residues)","56","Maize","2016","2016","gigagrams","0.0271","Fc","Calculated data",""
"GB","Burning - Crop Residues","86","Grenada","72317","Emissions (CO2eq) (Burning crop residues)","156","Sugar cane","2016","2016","gigagrams","0.0083","Fc","Calculated data",""
"GB","Burning - Crop Residues","87","Guadeloupe","72317","Emissions (CO2eq) (Burning crop residues)","156","Sugar cane","2016","2016","gigagrams","0.5532","Fc","Calculated data",""
"GB","Burning - Crop Residues","88","Guam","72317","Emissions (CO2eq) (Burning crop residues)","56","Maize","2016","2016","gigagrams","0.0015","Fc","Calculated data",""
"GB","Burning - Crop Residues","89","Guatemala","72317","Emissions (CO2eq) (Burning crop residues)","56","Maize","2016","2016","gigagrams","69.1877","Fc","Calculated data",""
"GB","Burning - Crop Residues","89","Guatemala","72317","Emissions (CO2eq) (Burning crop residues)","27","Rice, paddy","2016","2016","gigagrams","0.4882","Fc","Calculated data",""
"GB","Burning - Crop Residues","89","Guatemala","72317","Emissions (CO2eq) (Burning crop residues)","156","Sugar cane","2016","2016","gigagrams","13.2419","Fc","Calculated data",""
"GB","Burning - Crop Residues","89","Guatemala","72317","Emissions (CO2eq) (Burning crop residues)","15","Wheat","2016","2016","gigagrams","0.011","Fc","Calculated data",""
"GB","Burning - Crop Residues","90","Guinea","72317","Emissions (CO2eq) (Burning crop residues)","56","Maize","2016","2016","gigagrams","47.8545","Fc","Calculated data",""
"GB","Burning - Crop Residues","90","Guinea","72317","Emissions (CO2eq) (Burning crop residues)","27","Rice, paddy","2016","2016","gigagrams","72.7692","Fc","Calculated data",""
"GB","Burning - Crop Residues","90","Guinea","72317","Emissions (CO2eq) (Burning crop residues)","156","Sugar cane","2016","2016","gigagrams","0.289","Fc","Calculated data",""
"GB","Burning - Crop Residues","175","Guinea-Bissau","72317","Emissions (CO2eq) (Burning crop residues)","56","Maize","2016","2016","gigagrams","0.544","Fc","Calculated data",""
"GB","Burning - Crop Residues","175","Guinea-Bissau","72317","Emissions (CO2eq) (Burning crop residues)","27","Rice, paddy","2016","2016","gigagrams","4.5498","Fc","Calculated data",""
"GB","Burning - Crop Residues","175","Guinea-Bissau","72317","Emissions (CO2eq) (Burning crop residues)","156","Sugar cane","2016","2016","gigagrams","0.0128","Fc","Calculated data",""
"GB","Burning - Crop Residues","91","Guyana","72317","Emissions (CO2eq) (Burning crop residues)","56","Maize","2016","2016","gigagrams","0.2288","Fc","Calculated data",""
"GB","Burning - Crop Residues","91","Guyana","72317","Emissions (CO2eq) (Burning crop residues)","27","Rice, paddy","2016","2016","gigagrams","6.4785","Fc","Calculated data",""
"GB","Burning - Crop Residues","91","Guyana","72317","Emissions (CO2eq) (Burning crop residues)","156","Sugar cane","2016","2016","gigagrams","2.2581","Fc","Calculated data",""
"GB","Burning - Crop Residues","93","Haiti","72317","Emissions (CO2eq) (Burning crop residues)","56","Maize","2016","2016","gigagrams","26.3755","Fc","Calculated data",""
"GB","Burning - Crop Residues","93","Haiti","72317","Emissions (CO2eq) (Burning crop residues)","27","Rice, paddy","2016","2016","gigagrams","2.6285","Fc","Calculated data",""
"GB","Burning - Crop Residues","93","Haiti","72317","Emissions (CO2eq) (Burning crop residues)","156","Sugar cane","2016","2016","gigagrams","1.202","Fc","Calculated data",""
"GB","Burning - Crop Residues","95","Honduras","72317","Emissions (CO2eq) (Burning crop residues)","56","Maize","2016","2016","gigagrams","29.9079","Fc","Calculated data",""
"GB","Burning - Crop Residues","95","Honduras","72317","Emissions (CO2eq) (Burning crop residues)","27","Rice, paddy","2016","2016","gigagrams","0.3422","Fc","Calculated data",""
"GB","Burning - Crop Residues","95","Honduras","72317","Emissions (CO2eq) (Burning crop residues)","156","Sugar cane","2016","2016","gigagrams","3.2884","Fc","Calculated data",""
"GB","Burning - Crop Residues","95","Honduras","72317","Emissions (CO2eq) (Burning crop residues)","15","Wheat","2016","2016","gigagrams","0.0693","Fc","Calculated data",""
"GB","Burning - Crop Residues","97","Hungary","72317","Emissions (CO2eq) (Burning crop residues)","56","Maize","2016","2016","gigagrams","79.3065","Fc","Calculated data",""
"GB","Burning - Crop Residues","97","Hungary","72317","Emissions (CO2eq) (Burning crop residues)","27","Rice, paddy","2016","2016","gigagrams","0.1254","Fc","Calculated data",""
"GB","Burning - Crop Residues","97","Hungary","72317","Emissions (CO2eq) (Burning crop residues)","15","Wheat","2016","2016","gigagrams","32.7497","Fc","Calculated data",""
"GB","Burning - Crop Residues","100","India","72317","Emissions (CO2eq) (Burning crop residues)","56","Maize","2016","2016","gigagrams","776.16","Fc","Calculated data",""
"GB","Burning - Crop Residues","100","India","72317","Emissions (CO2eq) (Burning crop residues)","27","Rice, paddy","2016","2016","gigagrams","1862.3528","Fc","Calculated data",""
"GB","Burning - Crop Residues","100","India","72317","Emissions (CO2eq) (Burning crop residues)","156","Sugar cane","2016","2016","gigagrams","252.252","Fc","Calculated data",""
"GB","Burning - Crop Residues","100","India","72317","Emissions (CO2eq) (Burning crop residues)","15","Wheat","2016","2016","gigagrams","953.9712","Fc","Calculated data",""
"GB","Burning - Crop Residues","101","Indonesia","72317","Emissions (CO2eq) (Burning crop residues)","56","Maize","2016","2016","gigagrams","348.4096","Fc","Calculated data",""
"GB","Burning - Crop Residues","101","Indonesia","72317","Emissions (CO2eq) (Burning crop residues)","27","Rice, paddy","2016","2016","gigagrams","653.5267","Fc","Calculated data",""
"GB","Burning - Crop Residues","101","Indonesia","72317","Emissions (CO2eq) (Burning crop residues)","156","Sugar cane","2016","2016","gigagrams","23.3527","Fc","Calculated data",""
"GB","Burning - Crop Residues","102","Iran (Islamic Republic of)","72317","Emissions (CO2eq) (Burning crop residues)","56","Maize","2016","2016","gigagrams","12.4291","Fc","Calculated data",""
"GB","Burning - Crop Residues","102","Iran (Islamic Republic of)","72317","Emissions (CO2eq) (Burning crop residues)","27","Rice, paddy","2016","2016","gigagrams","25.701","Fc","Calculated data",""
"GB","Burning - Crop Residues","102","Iran (Islamic Republic of)","72317","Emissions (CO2eq) (Burning crop residues)","156","Sugar cane","2016","2016","gigagrams","4.5642","Fc","Calculated data",""
"GB","Burning - Crop Residues","102","Iran (Islamic Republic of)","72317","Emissions (CO2eq) (Burning crop residues)","15","Wheat","2016","2016","gigagrams","185.9249","Fc","Calculated data",""
"GB","Burning - Crop Residues","103","Iraq","72317","Emissions (CO2eq) (Burning crop residues)","56","Maize","2016","2016","gigagrams","5.2323","Fc","Calculated data",""
"GB","Burning - Crop Residues","103","Iraq","72317","Emissions (CO2eq) (Burning crop residues)","27","Rice, paddy","2016","2016","gigagrams","1.627","Fc","Calculated data",""
"GB","Burning - Crop Residues","103","Iraq","72317","Emissions (CO2eq) (Burning crop residues)","156","Sugar cane","2016","2016","gigagrams","0.0297","Fc","Calculated data",""
"GB","Burning - Crop Residues","103","Iraq","72317","Emissions (CO2eq) (Burning crop residues)","15","Wheat","2016","2016","gigagrams","28.8542","Fc","Calculated data",""
"GB","Burning - Crop Residues","104","Ireland","72317","Emissions (CO2eq) (Burning crop residues)","15","Wheat","2016","2016","gigagrams","2.1293","Fc","Calculated data",""
"GB","Burning - Crop Residues","105","Israel","72317","Emissions (CO2eq) (Burning crop residues)","56","Maize","2016","2016","gigagrams","0.2736","Fc","Calculated data",""
"GB","Burning - Crop Residues","105","Israel","72317","Emissions (CO2eq) (Burning crop residues)","15","Wheat","2016","2016","gigagrams","1.3704","Fc","Calculated data",""
"GB","Burning - Crop Residues","106","Italy","72317","Emissions (CO2eq) (Burning crop residues)","56","Maize","2016","2016","gigagrams","51.801","Fc","Calculated data",""
"GB","Burning - Crop Residues","106","Italy","72317","Emissions (CO2eq) (Burning crop residues)","27","Rice, paddy","2016","2016","gigagrams","10.0958","Fc","Calculated data",""
"GB","Burning - Crop Residues","106","Italy","72317","Emissions (CO2eq) (Burning crop residues)","15","Wheat","2016","2016","gigagrams","59.9734","Fc","Calculated data",""
"GB","Burning - Crop Residues","109","Jamaica","72317","Emissions (CO2eq) (Burning crop residues)","56","Maize","2016","2016","gigagrams","0.169","Fc","Calculated data",""
"GB","Burning - Crop Residues","109","Jamaica","72317","Emissions (CO2eq) (Burning crop residues)","27","Rice, paddy","2016","2016","gigagrams","0.0001","Fc","Calculated data",""
"GB","Burning - Crop Residues","109","Jamaica","72317","Emissions (CO2eq) (Burning crop residues)","156","Sugar cane","2016","2016","gigagrams","1.0396","Fc","Calculated data",""
"GB","Burning - Crop Residues","110","Japan","72317","Emissions (CO2eq) (Burning crop residues)","56","Maize","2016","2016","gigagrams","0.005","Fc","Calculated data",""
"GB","Burning - Crop Residues","110","Japan","72317","Emissions (CO2eq) (Burning crop residues)","27","Rice, paddy","2016","2016","gigagrams","63.7745","Fc","Calculated data",""
"GB","Burning - Crop Residues","110","Japan","72317","Emissions (CO2eq) (Burning crop residues)","156","Sugar cane","2016","2016","gigagrams","1.167","Fc","Calculated data",""
"GB","Burning - Crop Residues","110","Japan","72317","Emissions (CO2eq) (Burning crop residues)","15","Wheat","2016","2016","gigagrams","6.7236","Fc","Calculated data",""
"GB","Burning - Crop Residues","112","Jordan","72317","Emissions (CO2eq) (Burning crop residues)","56","Maize","2016","2016","gigagrams","0.0572","Fc","Calculated data",""
"GB","Burning - Crop Residues","112","Jordan","72317","Emissions (CO2eq) (Burning crop residues)","15","Wheat","2016","2016","gigagrams","0.7554","Fc","Calculated data",""
"GB","Burning - Crop Residues","108","Kazakhstan","72317","Emissions (CO2eq) (Burning crop residues)","56","Maize","2016","2016","gigagrams","10.5931","Fc","Calculated data",""
"GB","Burning - Crop Residues","108","Kazakhstan","72317","Emissions (CO2eq) (Burning crop residues)","27","Rice, paddy","2016","2016","gigagrams","4.067","Fc","Calculated data",""
"GB","Burning - Crop Residues","108","Kazakhstan","72317","Emissions (CO2eq) (Burning crop residues)","15","Wheat","2016","2016","gigagrams","388.0315","Fc","Calculated data",""
"GB","Burning - Crop Residues","114","Kenya","72317","Emissions (CO2eq) (Burning crop residues)","56","Maize","2016","2016","gigagrams","183.2667","Fc","Calculated data",""
"GB","Burning - Crop Residues","114","Kenya","72317","Emissions (CO2eq) (Burning crop residues)","27","Rice, paddy","2016","2016","gigagrams","1.265","Fc","Calculated data",""
"GB","Burning - Crop Residues","114","Kenya","72317","Emissions (CO2eq) (Burning crop residues)","156","Sugar cane","2016","2016","gigagrams","4.4272","Fc","Calculated data",""
"GB","Burning - Crop Residues","114","Kenya","72317","Emissions (CO2eq) (Burning crop residues)","15","Wheat","2016","2016","gigagrams","4.8018","Fc","Calculated data",""
"GB","Burning - Crop Residues","118","Kuwait","72317","Emissions (CO2eq) (Burning crop residues)","56","Maize","2016","2016","gigagrams","0.0353","Fc","Calculated data",""
"GB","Burning - Crop Residues","118","Kuwait","72317","Emissions (CO2eq) (Burning crop residues)","15","Wheat","2016","2016","gigagrams","0.0001","Fc","Calculated data",""
"GB","Burning - Crop Residues","113","Kyrgyzstan","72317","Emissions (CO2eq) (Burning crop residues)","56","Maize","2016","2016","gigagrams","7.9746","Fc","Calculated data",""
"GB","Burning - Crop Residues","113","Kyrgyzstan","72317","Emissions (CO2eq) (Burning crop residues)","27","Rice, paddy","2016","2016","gigagrams","0.4271","Fc","Calculated data",""
"GB","Burning - Crop Residues","113","Kyrgyzstan","72317","Emissions (CO2eq) (Burning crop residues)","15","Wheat","2016","2016","gigagrams","8.481","Fc","Calculated data",""
"GB","Burning - Crop Residues","120","Lao People's Democratic Republic","72317","Emissions (CO2eq) (Burning crop residues)","56","Maize","2016","2016","gigagrams","20.2985","Fc","Calculated data",""
"GB","Burning - Crop Residues","120","Lao People's Democratic Republic","72317","Emissions (CO2eq) (Burning crop residues)","27","Rice, paddy","2016","2016","gigagrams","41.9699","Fc","Calculated data",""
"GB","Burning - Crop Residues","120","Lao People's Democratic Republic","72317","Emissions (CO2eq) (Burning crop residues)","156","Sugar cane","2016","2016","gigagrams","1.8437","Fc","Calculated data",""
"GB","Burning - Crop Residues","119","Latvia","72317","Emissions (CO2eq) (Burning crop residues)","15","Wheat","2016","2016","gigagrams","15.0246","Fc","Calculated data",""
"GB","Burning - Crop Residues","121","Lebanon","72317","Emissions (CO2eq) (Burning crop residues)","56","Maize","2016","2016","gigagrams","0.0654","Fc","Calculated data",""
"GB","Burning - Crop Residues","121","Lebanon","72317","Emissions (CO2eq) (Burning crop residues)","156","Sugar cane","2016","2016","gigagrams","0.0002","Fc","Calculated data",""
"GB","Burning - Crop Residues","121","Lebanon","72317","Emissions (CO2eq) (Burning crop residues)","15","Wheat","2016","2016","gigagrams","1.3163","Fc","Calculated data",""
"GB","Burning - Crop Residues","122","Lesotho","72317","Emissions (CO2eq) (Burning crop residues)","56","Maize","2016","2016","gigagrams","3.2129","Fc","Calculated data",""
"GB","Burning - Crop Residues","122","Lesotho","72317","Emissions (CO2eq) (Burning crop residues)","15","Wheat","2016","2016","gigagrams","0.2477","Fc","Calculated data",""
"GB","Burning - Crop Residues","123","Liberia","72317","Emissions (CO2eq) (Burning crop residues)","27","Rice, paddy","2016","2016","gigagrams","10.5481","Fc","Calculated data",""
"GB","Burning - Crop Residues","123","Liberia","72317","Emissions (CO2eq) (Burning crop residues)","156","Sugar cane","2016","2016","gigagrams","1.3644","Fc","Calculated data",""
"GB","Burning - Crop Residues","124","Libya","72317","Emissions (CO2eq) (Burning crop residues)","56","Maize","2016","2016","gigagrams","0.1164","Fc","Calculated data",""
"GB","Burning - Crop Residues","124","Libya","72317","Emissions (CO2eq) (Burning crop residues)","15","Wheat","2016","2016","gigagrams","6.6348","Fc","Calculated data",""
"GB","Burning - Crop Residues","126","Lithuania","72317","Emissions (CO2eq) (Burning crop residues)","56","Maize","2016","2016","gigagrams","0.9742","Fc","Calculated data",""
"GB","Burning - Crop Residues","126","Lithuania","72317","Emissions (CO2eq) (Burning crop residues)","15","Wheat","2016","2016","gigagrams","27.6135","Fc","Calculated data",""
"GB","Burning - Crop Residues","256","Luxembourg","72317","Emissions (CO2eq) (Burning crop residues)","56","Maize","2016","2016","gigagrams","0.0098","Fc","Calculated data",""
"GB","Burning - Crop Residues","256","Luxembourg","72317","Emissions (CO2eq) (Burning crop residues)","15","Wheat","2016","2016","gigagrams","0.433","Fc","Calculated data",""
"GB","Burning - Crop Residues","129","Madagascar","72317","Emissions (CO2eq) (Burning crop residues)","56","Maize","2016","2016","gigagrams","14.4689","Fc","Calculated data",""
"GB","Burning - Crop Residues","129","Madagascar","72317","Emissions (CO2eq) (Burning crop residues)","27","Rice, paddy","2016","2016","gigagrams","37.5428","Fc","Calculated data",""
"GB","Burning - Crop Residues","129","Madagascar","72317","Emissions (CO2eq) (Burning crop residues)","156","Sugar cane","2016","2016","gigagrams","4.8002","Fc","Calculated data",""
"GB","Burning - Crop Residues","129","Madagascar","72317","Emissions (CO2eq) (Burning crop residues)","15","Wheat","2016","2016","gigagrams","0.0647","Fc","Calculated data",""
"GB","Burning - Crop Residues","130","Malawi","72317","Emissions (CO2eq) (Burning crop residues)","56","Maize","2016","2016","gigagrams","131.2476","Fc","Calculated data",""
"GB","Burning - Crop Residues","130","Malawi","72317","Emissions (CO2eq) (Burning crop residues)","27","Rice, paddy","2016","2016","gigagrams","2.3145","Fc","Calculated data",""
"GB","Burning - Crop Residues","130","Malawi","72317","Emissions (CO2eq) (Burning crop residues)","156","Sugar cane","2016","2016","gigagrams","1.377","Fc","Calculated data",""
"GB","Burning - Crop Residues","130","Malawi","72317","Emissions (CO2eq) (Burning crop residues)","15","Wheat","2016","2016","gigagrams","0.0225","Fc","Calculated data",""
"GB","Burning - Crop Residues","131","Malaysia","72317","Emissions (CO2eq) (Burning crop residues)","56","Maize","2016","2016","gigagrams","0.7873","Fc","Calculated data",""
"GB","Burning - Crop Residues","131","Malaysia","72317","Emissions (CO2eq) (Burning crop residues)","27","Rice, paddy","2016","2016","gigagrams","29.6998","Fc","Calculated data",""
"GB","Burning - Crop Residues","131","Malaysia","72317","Emissions (CO2eq) (Burning crop residues)","156","Sugar cane","2016","2016","gigagrams","0.0772","Fc","Calculated data",""
"GB","Burning - Crop Residues","132","Maldives","72317","Emissions (CO2eq) (Burning crop residues)","56","Maize","2016","2016","gigagrams","0.0025","Fc","Calculated data",""
"GB","Burning - Crop Residues","133","Mali","72317","Emissions (CO2eq) (Burning crop residues)","56","Maize","2016","2016","gigagrams","80.8713","Fc","Calculated data",""
"GB","Burning - Crop Residues","133","Mali","72317","Emissions (CO2eq) (Burning crop residues)","27","Rice, paddy","2016","2016","gigagrams","35.9898","Fc","Calculated data",""
"GB","Burning - Crop Residues","133","Mali","72317","Emissions (CO2eq) (Burning crop residues)","156","Sugar cane","2016","2016","gigagrams","0.2575","Fc","Calculated data",""
"GB","Burning - Crop Residues","133","Mali","72317","Emissions (CO2eq) (Burning crop residues)","15","Wheat","2016","2016","gigagrams","0.3136","Fc","Calculated data",""
"GB","Burning - Crop Residues","134","Malta","72317","Emissions (CO2eq) (Burning crop residues)","15","Wheat","2016","2016","gigagrams","0.0736","Fc","Calculated data",""
"GB","Burning - Crop Residues","135","Martinique","72317","Emissions (CO2eq) (Burning crop residues)","156","Sugar cane","2016","2016","gigagrams","0.2063","Fc","Calculated data",""
"GB","Burning - Crop Residues","136","Mauritania","72317","Emissions (CO2eq) (Burning crop residues)","56","Maize","2016","2016","gigagrams","1.7248","Fc","Calculated data",""
"GB","Burning - Crop Residues","136","Mauritania","72317","Emissions (CO2eq) (Burning crop residues)","27","Rice, paddy","2016","2016","gigagrams","1.7965","Fc","Calculated data",""
"GB","Burning - Crop Residues","136","Mauritania","72317","Emissions (CO2eq) (Burning crop residues)","15","Wheat","2016","2016","gigagrams","0.1126","Fc","Calculated data",""
"GB","Burning - Crop Residues","137","Mauritius","72317","Emissions (CO2eq) (Burning crop residues)","56","Maize","2016","2016","gigagrams","0.0048","Fc","Calculated data",""
"GB","Burning - Crop Residues","137","Mauritius","72317","Emissions (CO2eq) (Burning crop residues)","27","Rice, paddy","2016","2016","gigagrams","0.0069","Fc","Calculated data",""
"GB","Burning - Crop Residues","137","Mauritius","72317","Emissions (CO2eq) (Burning crop residues)","156","Sugar cane","2016","2016","gigagrams","2.6232","Fc","Calculated data",""
"GB","Burning - Crop Residues","138","Mexico","72317","Emissions (CO2eq) (Burning crop residues)","56","Maize","2016","2016","gigagrams","595.69","Fc","Calculated data",""
"GB","Burning - Crop Residues","138","Mexico","72317","Emissions (CO2eq) (Burning crop residues)","27","Rice, paddy","2016","2016","gigagrams","1.7857","Fc","Calculated data",""
"GB","Burning - Crop Residues","138","Mexico","72317","Emissions (CO2eq) (Burning crop residues)","156","Sugar cane","2016","2016","gigagrams","39.8025","Fc","Calculated data",""
"GB","Burning - Crop Residues","138","Mexico","72317","Emissions (CO2eq) (Burning crop residues)","15","Wheat","2016","2016","gigagrams","22.6908","Fc","Calculated data",""
"GB","Burning - Crop Residues","145","Micronesia (Federated States of)","72317","Emissions (CO2eq) (Burning crop residues)","56","Maize","2016","2016","gigagrams","0.0047","Fc","Calculated data",""
"GB","Burning - Crop Residues","145","Micronesia (Federated States of)","72317","Emissions (CO2eq) (Burning crop residues)","27","Rice, paddy","2016","2016","gigagrams","0.0039","Fc","Calculated data",""
"GB","Burning - Crop Residues","141","Mongolia","72317","Emissions (CO2eq) (Burning crop residues)","15","Wheat","2016","2016","gigagrams","11.1351","Fc","Calculated data",""
"GB","Burning - Crop Residues","273","Montenegro","72317","Emissions (CO2eq) (Burning crop residues)","56","Maize","2016","2016","gigagrams","0.0492","Fc","Calculated data",""
"GB","Burning - Crop Residues","273","Montenegro","72317","Emissions (CO2eq) (Burning crop residues)","15","Wheat","2016","2016","gigagrams","0.0234","Fc","Calculated data",""
"GB","Burning - Crop Residues","142","Montserrat","72317","Emissions (CO2eq) (Burning crop residues)","56","Maize","2016","2016","gigagrams","0.0014","Fc","Calculated data",""
"GB","Burning - Crop Residues","143","Morocco","72317","Emissions (CO2eq) (Burning crop residues)","56","Maize","2016","2016","gigagrams","10.8839","Fc","Calculated data",""
"GB","Burning - Crop Residues","143","Morocco","72317","Emissions (CO2eq) (Burning crop residues)","27","Rice, paddy","2016","2016","gigagrams","0.3246","Fc","Calculated data",""
"GB","Burning - Crop Residues","143","Morocco","72317","Emissions (CO2eq) (Burning crop residues)","156","Sugar cane","2016","2016","gigagrams","0.5317","Fc","Calculated data",""
"GB","Burning - Crop Residues","143","Morocco","72317","Emissions (CO2eq) (Burning crop residues)","15","Wheat","2016","2016","gigagrams","75.6917","Fc","Calculated data",""
"GB","Burning - Crop Residues","144","Mozambique","72317","Emissions (CO2eq) (Burning crop residues)","56","Maize","2016","2016","gigagrams","127.6182","Fc","Calculated data",""
"GB","Burning - Crop Residues","144","Mozambique","72317","Emissions (CO2eq) (Burning crop residues)","27","Rice, paddy","2016","2016","gigagrams","7.8604","Fc","Calculated data",""
"GB","Burning - Crop Residues","144","Mozambique","72317","Emissions (CO2eq) (Burning crop residues)","156","Sugar cane","2016","2016","gigagrams","2.1562","Fc","Calculated data",""
"GB","Burning - Crop Residues","144","Mozambique","72317","Emissions (CO2eq) (Burning crop residues)","15","Wheat","2016","2016","gigagrams","0.4899","Fc","Calculated data",""
"GB","Burning - Crop Residues","28","Myanmar","72317","Emissions (CO2eq) (Burning crop residues)","56","Maize","2016","2016","gigagrams","38.2669","Fc","Calculated data",""
"GB","Burning - Crop Residues","28","Myanmar","72317","Emissions (CO2eq) (Burning crop residues)","27","Rice, paddy","2016","2016","gigagrams","289.9383","Fc","Calculated data",""
"GB","Burning - Crop Residues","28","Myanmar","72317","Emissions (CO2eq) (Burning crop residues)","156","Sugar cane","2016","2016","gigagrams","8.3396","Fc","Calculated data",""
"GB","Burning - Crop Residues","28","Myanmar","72317","Emissions (CO2eq) (Burning crop residues)","15","Wheat","2016","2016","gigagrams","2.7141","Fc","Calculated data",""
"GB","Burning - Crop Residues","147","Namibia","72317","Emissions (CO2eq) (Burning crop residues)","56","Maize","2016","2016","gigagrams","2.4731","Fc","Calculated data",""
"GB","Burning - Crop Residues","147","Namibia","72317","Emissions (CO2eq) (Burning crop residues)","15","Wheat","2016","2016","gigagrams","0.0682","Fc","Calculated data",""
"GB","Burning - Crop Residues","149","Nepal","72317","Emissions (CO2eq) (Burning crop residues)","56","Maize","2016","2016","gigagrams","69.9001","Fc","Calculated data",""
"GB","Burning - Crop Residues","149","Nepal","72317","Emissions (CO2eq) (Burning crop residues)","27","Rice, paddy","2016","2016","gigagrams","58.7686","Fc","Calculated data",""
"GB","Burning - Crop Residues","149","Nepal","72317","Emissions (CO2eq) (Burning crop residues)","156","Sugar cane","2016","2016","gigagrams","4.1242","Fc","Calculated data",""
"GB","Burning - Crop Residues","149","Nepal","72317","Emissions (CO2eq) (Burning crop residues)","15","Wheat","2016","2016","gigagrams","23.389","Fc","Calculated data",""
"GB","Burning - Crop Residues","150","Netherlands","72317","Emissions (CO2eq) (Burning crop residues)","56","Maize","2016","2016","gigagrams","0.6604","Fc","Calculated data",""
"GB","Burning - Crop Residues","150","Netherlands","72317","Emissions (CO2eq) (Burning crop residues)","15","Wheat","2016","2016","gigagrams","3.993","Fc","Calculated data",""
"GB","Burning - Crop Residues","153","New Caledonia","72317","Emissions (CO2eq) (Burning crop residues)","56","Maize","2016","2016","gigagrams","0.0797","Fc","Calculated data",""
"GB","Burning - Crop Residues","153","New Caledonia","72317","Emissions (CO2eq) (Burning crop residues)","15","Wheat","2016","2016","gigagrams","0.0002","Fc","Calculated data",""
"GB","Burning - Crop Residues","156","New Zealand","72317","Emissions (CO2eq) (Burning crop residues)","56","Maize","2016","2016","gigagrams","1.4107","Fc","Calculated data",""
"GB","Burning - Crop Residues","156","New Zealand","72317","Emissions (CO2eq) (Burning crop residues)","15","Wheat","2016","2016","gigagrams","1.5663","Fc","Calculated data",""
"GB","Burning - Crop Residues","157","Nicaragua","72317","Emissions (CO2eq) (Burning crop residues)","56","Maize","2016","2016","gigagrams","27.5972","Fc","Calculated data",""
"GB","Burning - Crop Residues","157","Nicaragua","72317","Emissions (CO2eq) (Burning crop residues)","27","Rice, paddy","2016","2016","gigagrams","2.8865","Fc","Calculated data",""
"GB","Burning - Crop Residues","157","Nicaragua","72317","Emissions (CO2eq) (Burning crop residues)","156","Sugar cane","2016","2016","gigagrams","3.6802","Fc","Calculated data",""
"GB","Burning - Crop Residues","158","Niger","72317","Emissions (CO2eq) (Burning crop residues)","56","Maize","2016","2016","gigagrams","2.448","Fc","Calculated data",""
"GB","Burning - Crop Residues","158","Niger","72317","Emissions (CO2eq) (Burning crop residues)","27","Rice, paddy","2016","2016","gigagrams","1.0137","Fc","Calculated data",""
"GB","Burning - Crop Residues","158","Niger","72317","Emissions (CO2eq) (Burning crop residues)","156","Sugar cane","2016","2016","gigagrams","0.2976","Fc","Calculated data",""
"GB","Burning - Crop Residues","158","Niger","72317","Emissions (CO2eq) (Burning crop residues)","15","Wheat","2016","2016","gigagrams","0.1286","Fc","Calculated data",""
"GB","Burning - Crop Residues","159","Nigeria","72317","Emissions (CO2eq) (Burning crop residues)","56","Maize","2016","2016","gigagrams","517.5078","Fc","Calculated data",""
"GB","Burning - Crop Residues","159","Nigeria","72317","Emissions (CO2eq) (Burning crop residues)","27","Rice, paddy","2016","2016","gigagrams","241.8016","Fc","Calculated data",""
"GB","Burning - Crop Residues","159","Nigeria","72317","Emissions (CO2eq) (Burning crop residues)","156","Sugar cane","2016","2016","gigagrams","4.6368","Fc","Calculated data",""
"GB","Burning - Crop Residues","159","Nigeria","72317","Emissions (CO2eq) (Burning crop residues)","15","Wheat","2016","2016","gigagrams","1.8816","Fc","Calculated data",""
"GB","Burning - Crop Residues","154","North Macedonia","72317","Emissions (CO2eq) (Burning crop residues)","56","Maize","2016","2016","gigagrams","2.4915","Fc","Calculated data",""
"GB","Burning - Crop Residues","154","North Macedonia","72317","Emissions (CO2eq) (Burning crop residues)","27","Rice, paddy","2016","2016","gigagrams","0.2173","Fc","Calculated data",""
"GB","Burning - Crop Residues","154","North Macedonia","72317","Emissions (CO2eq) (Burning crop residues)","15","Wheat","2016","2016","gigagrams","2.5035","Fc","Calculated data",""
"GB","Burning - Crop Residues","162","Norway","72317","Emissions (CO2eq) (Burning crop residues)","15","Wheat","2016","2016","gigagrams","2.0939","Fc","Calculated data",""
"GB","Burning - Crop Residues","221","Oman","72317","Emissions (CO2eq) (Burning crop residues)","56","Maize","2016","2016","gigagrams","0.0789","Fc","Calculated data",""
"GB","Burning - Crop Residues","221","Oman","72317","Emissions (CO2eq) (Burning crop residues)","156","Sugar cane","2016","2016","gigagrams","0.0026","Fc","Calculated data",""
"GB","Burning - Crop Residues","221","Oman","72317","Emissions (CO2eq) (Burning crop residues)","15","Wheat","2016","2016","gigagrams","0.0291","Fc","Calculated data",""
"GB","Burning - Crop Residues","165","Pakistan","72317","Emissions (CO2eq) (Burning crop residues)","56","Maize","2016","2016","gigagrams","105.6832","Fc","Calculated data",""
"GB","Burning - Crop Residues","165","Pakistan","72317","Emissions (CO2eq) (Burning crop residues)","27","Rice, paddy","2016","2016","gigagrams","117.4589","Fc","Calculated data",""
"GB","Burning - Crop Residues","165","Pakistan","72317","Emissions (CO2eq) (Burning crop residues)","156","Sugar cane","2016","2016","gigagrams","57.6266","Fc","Calculated data",""
"GB","Burning - Crop Residues","165","Pakistan","72317","Emissions (CO2eq) (Burning crop residues)","15","Wheat","2016","2016","gigagrams","289.2646","Fc","Calculated data",""
"GB","Burning - Crop Residues","299","Palestine","72317","Emissions (CO2eq) (Burning crop residues)","15","Wheat","2016","2016","gigagrams","0.4516","Fc","Calculated data",""
"GB","Burning - Crop Residues","166","Panama","72317","Emissions (CO2eq) (Burning crop residues)","56","Maize","2016","2016","gigagrams","4.32","Fc","Calculated data",""
"GB","Burning - Crop Residues","166","Panama","72317","Emissions (CO2eq) (Burning crop residues)","27","Rice, paddy","2016","2016","gigagrams","3.6077","Fc","Calculated data",""
"GB","Burning - Crop Residues","166","Panama","72317","Emissions (CO2eq) (Burning crop residues)","156","Sugar cane","2016","2016","gigagrams","1.9362","Fc","Calculated data",""
"GB","Burning - Crop Residues","168","Papua New Guinea","72317","Emissions (CO2eq) (Burning crop residues)","56","Maize","2016","2016","gigagrams","0.1843","Fc","Calculated data",""
"GB","Burning - Crop Residues","168","Papua New Guinea","72317","Emissions (CO2eq) (Burning crop residues)","27","Rice, paddy","2016","2016","gigagrams","0.0176","Fc","Calculated data",""
"GB","Burning - Crop Residues","168","Papua New Guinea","72317","Emissions (CO2eq) (Burning crop residues)","156","Sugar cane","2016","2016","gigagrams","0.3687","Fc","Calculated data",""
"GB","Burning - Crop Residues","169","Paraguay","72317","Emissions (CO2eq) (Burning crop residues)","56","Maize","2016","2016","gigagrams","75.264","Fc","Calculated data",""
"GB","Burning - Crop Residues","169","Paraguay","72317","Emissions (CO2eq) (Burning crop residues)","27","Rice, paddy","2016","2016","gigagrams","5.6056","Fc","Calculated data",""
"GB","Burning - Crop Residues","169","Paraguay","72317","Emissions (CO2eq) (Burning crop residues)","156","Sugar cane","2016","2016","gigagrams","6.1152","Fc","Calculated data",""
"GB","Burning - Crop Residues","169","Paraguay","72317","Emissions (CO2eq) (Burning crop residues)","15","Wheat","2016","2016","gigagrams","16.3072","Fc","Calculated data",""
"GB","Burning - Crop Residues","170","Peru","72317","Emissions (CO2eq) (Burning crop residues)","56","Maize","2016","2016","gigagrams","36.4471","Fc","Calculated data",""
"GB","Burning - Crop Residues","170","Peru","72317","Emissions (CO2eq) (Burning crop residues)","27","Rice, paddy","2016","2016","gigagrams","18.0916","Fc","Calculated data",""
"GB","Burning - Crop Residues","170","Peru","72317","Emissions (CO2eq) (Burning crop residues)","156","Sugar cane","2016","2016","gigagrams","4.469","Fc","Calculated data",""
"GB","Burning - Crop Residues","170","Peru","72317","Emissions (CO2eq) (Burning crop residues)","15","Wheat","2016","2016","gigagrams","3.9884","Fc","Calculated data",""
"GB","Burning - Crop Residues","171","Philippines","72317","Emissions (CO2eq) (Burning crop residues)","56","Maize","2016","2016","gigagrams","194.7821","Fc","Calculated data",""
"GB","Burning - Crop Residues","171","Philippines","72317","Emissions (CO2eq) (Burning crop residues)","27","Rice, paddy","2016","2016","gigagrams","196.4566","Fc","Calculated data",""
"GB","Burning - Crop Residues","171","Philippines","72317","Emissions (CO2eq) (Burning crop residues)","156","Sugar cane","2016","2016","gigagrams","20.8989","Fc","Calculated data",""
"GB","Burning - Crop Residues","173","Poland","72317","Emissions (CO2eq) (Burning crop residues)","56","Maize","2016","2016","gigagrams","46.5315","Fc","Calculated data",""
"GB","Burning - Crop Residues","173","Poland","72317","Emissions (CO2eq) (Burning crop residues)","15","Wheat","2016","2016","gigagrams","74.1375","Fc","Calculated data",""
"GB","Burning - Crop Residues","174","Portugal","72317","Emissions (CO2eq) (Burning crop residues)","56","Maize","2016","2016","gigagrams","6.9473","Fc","Calculated data",""
"GB","Burning - Crop Residues","174","Portugal","72317","Emissions (CO2eq) (Burning crop residues)","27","Rice, paddy","2016","2016","gigagrams","1.2569","Fc","Calculated data",""
"GB","Burning - Crop Residues","174","Portugal","72317","Emissions (CO2eq) (Burning crop residues)","156","Sugar cane","2016","2016","gigagrams","0.0031","Fc","Calculated data",""
"GB","Burning - Crop Residues","174","Portugal","72317","Emissions (CO2eq) (Burning crop residues)","15","Wheat","2016","2016","gigagrams","1.1979","Fc","Calculated data",""
"GB","Burning - Crop Residues","177","Puerto Rico","72317","Emissions (CO2eq) (Burning crop residues)","56","Maize","2016","2016","gigagrams","0.0035","Fc","Calculated data",""
"GB","Burning - Crop Residues","177","Puerto Rico","72317","Emissions (CO2eq) (Burning crop residues)","27","Rice, paddy","2016","2016","gigagrams","0.002","Fc","Calculated data",""
"GB","Burning - Crop Residues","179","Qatar","72317","Emissions (CO2eq) (Burning crop residues)","56","Maize","2016","2016","gigagrams","0.0036","Fc","Calculated data",""
"GB","Burning - Crop Residues","179","Qatar","72317","Emissions (CO2eq) (Burning crop residues)","15","Wheat","2016","2016","gigagrams","0.0001","Fc","Calculated data",""
"GB","Burning - Crop Residues","117","Republic of Korea","72317","Emissions (CO2eq) (Burning crop residues)","56","Maize","2016","2016","gigagrams","1.1903","Fc","Calculated data",""
"GB","Burning - Crop Residues","117","Republic of Korea","72317","Emissions (CO2eq) (Burning crop residues)","27","Rice, paddy","2016","2016","gigagrams","33.579","Fc","Calculated data",""
"GB","Burning - Crop Residues","117","Republic of Korea","72317","Emissions (CO2eq) (Burning crop residues)","15","Wheat","2016","2016","gigagrams","0.3274","Fc","Calculated data",""
"GB","Burning - Crop Residues","146","Republic of Moldova","72317","Emissions (CO2eq) (Burning crop residues)","56","Maize","2016","2016","gigagrams","36.5345","Fc","Calculated data",""
"GB","Burning - Crop Residues","146","Republic of Moldova","72317","Emissions (CO2eq) (Burning crop residues)","15","Wheat","2016","2016","gigagrams","11.628","Fc","Calculated data",""
"GB","Burning - Crop Residues","182","Réunion","72317","Emissions (CO2eq) (Burning crop residues)","56","Maize","2016","2016","gigagrams","0.1417","Fc","Calculated data",""
"GB","Burning - Crop Residues","182","Réunion","72317","Emissions (CO2eq) (Burning crop residues)","27","Rice, paddy","2016","2016","gigagrams","0.0024","Fc","Calculated data",""
"GB","Burning - Crop Residues","182","Réunion","72317","Emissions (CO2eq) (Burning crop residues)","156","Sugar cane","2016","2016","gigagrams","1.2339","Fc","Calculated data",""
"GB","Burning - Crop Residues","183","Romania","72317","Emissions (CO2eq) (Burning crop residues)","56","Maize","2016","2016","gigagrams","202.1562","Fc","Calculated data",""
"GB","Burning - Crop Residues","183","Romania","72317","Emissions (CO2eq) (Burning crop residues)","27","Rice, paddy","2016","2016","gigagrams","0.4068","Fc","Calculated data",""
"GB","Burning - Crop Residues","183","Romania","72317","Emissions (CO2eq) (Burning crop residues)","15","Wheat","2016","2016","gigagrams","66.9631","Fc","Calculated data",""
"GB","Burning - Crop Residues","185","Russian Federation","72317","Emissions (CO2eq) (Burning crop residues)","56","Maize","2016","2016","gigagrams","217.7183","Fc","Calculated data",""
"GB","Burning - Crop Residues","185","Russian Federation","72317","Emissions (CO2eq) (Burning crop residues)","27","Rice, paddy","2016","2016","gigagrams","8.7888","Fc","Calculated data",""
"GB","Burning - Crop Residues","185","Russian Federation","72317","Emissions (CO2eq) (Burning crop residues)","15","Wheat","2016","2016","gigagrams","856.5287","Fc","Calculated data",""
"GB","Burning - Crop Residues","184","Rwanda","72317","Emissions (CO2eq) (Burning crop residues)","56","Maize","2016","2016","gigagrams","18.6324","Fc","Calculated data",""
"GB","Burning - Crop Residues","184","Rwanda","72317","Emissions (CO2eq) (Burning crop residues)","27","Rice, paddy","2016","2016","gigagrams","1.4415","Fc","Calculated data",""
"GB","Burning - Crop Residues","184","Rwanda","72317","Emissions (CO2eq) (Burning crop residues)","156","Sugar cane","2016","2016","gigagrams","0.5621","Fc","Calculated data",""
"GB","Burning - Crop Residues","184","Rwanda","72317","Emissions (CO2eq) (Burning crop residues)","15","Wheat","2016","2016","gigagrams","0.1824","Fc","Calculated data",""
"GB","Burning - Crop Residues","191","Saint Vincent and the Grenadines","72317","Emissions (CO2eq) (Burning crop residues)","56","Maize","2016","2016","gigagrams","0.0027","Fc","Calculated data",""
"GB","Burning - Crop Residues","191","Saint Vincent and the Grenadines","72317","Emissions (CO2eq) (Burning crop residues)","156","Sugar cane","2016","2016","gigagrams","0.0375","Fc","Calculated data",""
"GB","Burning - Crop Residues","244","Samoa","72317","Emissions (CO2eq) (Burning crop residues)","156","Sugar cane","2016","2016","gigagrams","0.0001","Fc","Calculated data",""
"GB","Burning - Crop Residues","193","Sao Tome and Principe","72317","Emissions (CO2eq) (Burning crop residues)","56","Maize","2016","2016","gigagrams","0.0378","Fc","Calculated data",""
"GB","Burning - Crop Residues","194","Saudi Arabia","72317","Emissions (CO2eq) (Burning crop residues)","56","Maize","2016","2016","gigagrams","0.1931","Fc","Calculated data",""
"GB","Burning - Crop Residues","194","Saudi Arabia","72317","Emissions (CO2eq) (Burning crop residues)","27","Rice, paddy","2016","2016","gigagrams","0","Fc","Calculated data",""
"GB","Burning - Crop Residues","194","Saudi Arabia","72317","Emissions (CO2eq) (Burning crop residues)","15","Wheat","2016","2016","gigagrams","3.2744","Fc","Calculated data",""
"GB","Burning - Crop Residues","195","Senegal","72317","Emissions (CO2eq) (Burning crop residues)","56","Maize","2016","2016","gigagrams","15.5209","Fc","Calculated data",""
"GB","Burning - Crop Residues","195","Senegal","72317","Emissions (CO2eq) (Burning crop residues)","27","Rice, paddy","2016","2016","gigagrams","9.542","Fc","Calculated data",""
"GB","Burning - Crop Residues","195","Senegal","72317","Emissions (CO2eq) (Burning crop residues)","156","Sugar cane","2016","2016","gigagrams","0.201","Fc","Calculated data",""
"GB","Burning - Crop Residues","272","Serbia","72317","Emissions (CO2eq) (Burning crop residues)","56","Maize","2016","2016","gigagrams","79.1916","Fc","Calculated data",""
"GB","Burning - Crop Residues","272","Serbia","72317","Emissions (CO2eq) (Burning crop residues)","15","Wheat","2016","2016","gigagrams","18.6629","Fc","Calculated data",""
"GB","Burning - Crop Residues","197","Sierra Leone","72317","Emissions (CO2eq) (Burning crop residues)","56","Maize","2016","2016","gigagrams","2.9541","Fc","Calculated data",""
"GB","Burning - Crop Residues","197","Sierra Leone","72317","Emissions (CO2eq) (Burning crop residues)","27","Rice, paddy","2016","2016","gigagrams","32.147","Fc","Calculated data",""
"GB","Burning - Crop Residues","197","Sierra Leone","72317","Emissions (CO2eq) (Burning crop residues)","156","Sugar cane","2016","2016","gigagrams","0.0565","Fc","Calculated data",""
"GB","Burning - Crop Residues","199","Slovakia","72317","Emissions (CO2eq) (Burning crop residues)","56","Maize","2016","2016","gigagrams","14.4892","Fc","Calculated data",""
"GB","Burning - Crop Residues","199","Slovakia","72317","Emissions (CO2eq) (Burning crop residues)","15","Wheat","2016","2016","gigagrams","13.0639","Fc","Calculated data",""
"GB","Burning - Crop Residues","198","Slovenia","72317","Emissions (CO2eq) (Burning crop residues)","56","Maize","2016","2016","gigagrams","2.8528","Fc","Calculated data",""
"GB","Burning - Crop Residues","198","Slovenia","72317","Emissions (CO2eq) (Burning crop residues)","15","Wheat","2016","2016","gigagrams","0.9866","Fc","Calculated data",""
"GB","Burning - Crop Residues","25","Solomon Islands","72317","Emissions (CO2eq) (Burning crop residues)","27","Rice, paddy","2016","2016","gigagrams","0.0704","Fc","Calculated data",""
"GB","Burning - Crop Residues","201","Somalia","72317","Emissions (CO2eq) (Burning crop residues)","56","Maize","2016","2016","gigagrams","8.4736","Fc","Calculated data",""
"GB","Burning - Crop Residues","201","Somalia","72317","Emissions (CO2eq) (Burning crop residues)","27","Rice, paddy","2016","2016","gigagrams","0.0323","Fc","Calculated data",""
"GB","Burning - Crop Residues","201","Somalia","72317","Emissions (CO2eq) (Burning crop residues)","156","Sugar cane","2016","2016","gigagrams","0.2881","Fc","Calculated data",""
"GB","Burning - Crop Residues","201","Somalia","72317","Emissions (CO2eq) (Burning crop residues)","15","Wheat","2016","2016","gigagrams","0.0811","Fc","Calculated data",""
"GB","Burning - Crop Residues","202","South Africa","72317","Emissions (CO2eq) (Burning crop residues)","56","Maize","2016","2016","gigagrams","152.6252","Fc","Calculated data",""
"GB","Burning - Crop Residues","202","South Africa","72317","Emissions (CO2eq) (Burning crop residues)","27","Rice, paddy","2016","2016","gigagrams","0.0487","Fc","Calculated data",""
"GB","Burning - Crop Residues","202","South Africa","72317","Emissions (CO2eq) (Burning crop residues)","156","Sugar cane","2016","2016","gigagrams","12.5252","Fc","Calculated data",""
"GB","Burning - Crop Residues","202","South Africa","72317","Emissions (CO2eq) (Burning crop residues)","15","Wheat","2016","2016","gigagrams","15.9423","Fc","Calculated data",""
"GB","Burning - Crop Residues","277","South Sudan","72317","Emissions (CO2eq) (Burning crop residues)","56","Maize","2016","2016","gigagrams","7.3867","Fc","Calculated data",""
"GB","Burning - Crop Residues","203","Spain","72317","Emissions (CO2eq) (Burning crop residues)","56","Maize","2016","2016","gigagrams","28.1672","Fc","Calculated data",""
"GB","Burning - Crop Residues","203","Spain","72317","Emissions (CO2eq) (Burning crop residues)","27","Rice, paddy","2016","2016","gigagrams","4.7118","Fc","Calculated data",""
"GB","Burning - Crop Residues","203","Spain","72317","Emissions (CO2eq) (Burning crop residues)","156","Sugar cane","2016","2016","gigagrams","0.0009","Fc","Calculated data",""
"GB","Burning - Crop Residues","203","Spain","72317","Emissions (CO2eq) (Burning crop residues)","15","Wheat","2016","2016","gigagrams","70.7748","Fc","Calculated data",""
"GB","Burning - Crop Residues","38","Sri Lanka","72317","Emissions (CO2eq) (Burning crop residues)","56","Maize","2016","2016","gigagrams","4.5756","Fc","Calculated data",""
"GB","Burning - Crop Residues","38","Sri Lanka","72317","Emissions (CO2eq) (Burning crop residues)","27","Rice, paddy","2016","2016","gigagrams","40.3686","Fc","Calculated data",""
"GB","Burning - Crop Residues","38","Sri Lanka","72317","Emissions (CO2eq) (Burning crop residues)","156","Sugar cane","2016","2016","gigagrams","0.9479","Fc","Calculated data",""
"GB","Burning - Crop Residues","276","Sudan","72317","Emissions (CO2eq) (Burning crop residues)","56","Maize","2016","2016","gigagrams","2.8318","Fc","Calculated data",""
"GB","Burning - Crop Residues","276","Sudan","72317","Emissions (CO2eq) (Burning crop residues)","27","Rice, paddy","2016","2016","gigagrams","0.3079","Fc","Calculated data",""
"GB","Burning - Crop Residues","276","Sudan","72317","Emissions (CO2eq) (Burning crop residues)","156","Sugar cane","2016","2016","gigagrams","3.5469","Fc","Calculated data",""
"GB","Burning - Crop Residues","276","Sudan","72317","Emissions (CO2eq) (Burning crop residues)","15","Wheat","2016","2016","gigagrams","6.7963","Fc","Calculated data",""
"GB","Burning - Crop Residues","207","Suriname","72317","Emissions (CO2eq) (Burning crop residues)","56","Maize","2016","2016","gigagrams","0.0028","Fc","Calculated data",""
"GB","Burning - Crop Residues","207","Suriname","72317","Emissions (CO2eq) (Burning crop residues)","27","Rice, paddy","2016","2016","gigagrams","2.7042","Fc","Calculated data",""
"GB","Burning - Crop Residues","207","Suriname","72317","Emissions (CO2eq) (Burning crop residues)","156","Sugar cane","2016","2016","gigagrams","0.1595","Fc","Calculated data",""
"GB","Burning - Crop Residues","210","Sweden","72317","Emissions (CO2eq) (Burning crop residues)","15","Wheat","2016","2016","gigagrams","14.064","Fc","Calculated data",""
"GB","Burning - Crop Residues","211","Switzerland","72317","Emissions (CO2eq) (Burning crop residues)","56","Maize","2016","2016","gigagrams","1.1106","Fc","Calculated data",""
"GB","Burning - Crop Residues","211","Switzerland","72317","Emissions (CO2eq) (Burning crop residues)","15","Wheat","2016","2016","gigagrams","2.7749","Fc","Calculated data",""
"GB","Burning - Crop Residues","212","Syrian Arab Republic","72317","Emissions (CO2eq) (Burning crop residues)","56","Maize","2016","2016","gigagrams","3.7228","Fc","Calculated data",""
"GB","Burning - Crop Residues","212","Syrian Arab Republic","72317","Emissions (CO2eq) (Burning crop residues)","156","Sugar cane","2016","2016","gigagrams","0","Fc","Calculated data",""
"GB","Burning - Crop Residues","212","Syrian Arab Republic","72317","Emissions (CO2eq) (Burning crop residues)","15","Wheat","2016","2016","gigagrams","37.632","Fc","Calculated data",""
"GB","Burning - Crop Residues","208","Tajikistan","72317","Emissions (CO2eq) (Burning crop residues)","56","Maize","2016","2016","gigagrams","1.3197","Fc","Calculated data",""
"GB","Burning - Crop Residues","208","Tajikistan","72317","Emissions (CO2eq) (Burning crop residues)","27","Rice, paddy","2016","2016","gigagrams","0.5898","Fc","Calculated data",""
"GB","Burning - Crop Residues","208","Tajikistan","72317","Emissions (CO2eq) (Burning crop residues)","15","Wheat","2016","2016","gigagrams","9.3289","Fc","Calculated data",""
"GB","Burning - Crop Residues","216","Thailand","72317","Emissions (CO2eq) (Burning crop residues)","56","Maize","2016","2016","gigagrams","89.0549","Fc","Calculated data",""
"GB","Burning - Crop Residues","216","Thailand","72317","Emissions (CO2eq) (Burning crop residues)","27","Rice, paddy","2016","2016","gigagrams","402.7411","Fc","Calculated data",""
"GB","Burning - Crop Residues","216","Thailand","72317","Emissions (CO2eq) (Burning crop residues)","156","Sugar cane","2016","2016","gigagrams","71.7918","Fc","Calculated data",""
"GB","Burning - Crop Residues","216","Thailand","72317","Emissions (CO2eq) (Burning crop residues)","15","Wheat","2016","2016","gigagrams","0.0399","Fc","Calculated data",""
"GB","Burning - Crop Residues","176","Timor-Leste","72317","Emissions (CO2eq) (Burning crop residues)","56","Maize","2016","2016","gigagrams","4.6254","Fc","Calculated data",""
"GB","Burning - Crop Residues","176","Timor-Leste","72317","Emissions (CO2eq) (Burning crop residues)","27","Rice, paddy","2016","2016","gigagrams","1.1396","Fc","Calculated data",""
"GB","Burning - Crop Residues","217","Togo","72317","Emissions (CO2eq) (Burning crop residues)","56","Maize","2016","2016","gigagrams","52.9852","Fc","Calculated data",""
"GB","Burning - Crop Residues","217","Togo","72317","Emissions (CO2eq) (Burning crop residues)","27","Rice, paddy","2016","2016","gigagrams","3.5753","Fc","Calculated data",""
"GB","Burning - Crop Residues","220","Trinidad and Tobago","72317","Emissions (CO2eq) (Burning crop residues)","56","Maize","2016","2016","gigagrams","0.1037","Fc","Calculated data",""
"GB","Burning - Crop Residues","220","Trinidad and Tobago","72317","Emissions (CO2eq) (Burning crop residues)","27","Rice, paddy","2016","2016","gigagrams","0.0896","Fc","Calculated data",""
"GB","Burning - Crop Residues","222","Tunisia","72317","Emissions (CO2eq) (Burning crop residues)","15","Wheat","2016","2016","gigagrams","15.9426","Fc","Calculated data",""
"GB","Burning - Crop Residues","223","Turkey","72317","Emissions (CO2eq) (Burning crop residues)","56","Maize","2016","2016","gigagrams","53.2757","Fc","Calculated data",""
"GB","Burning - Crop Residues","223","Turkey","72317","Emissions (CO2eq) (Burning crop residues)","27","Rice, paddy","2016","2016","gigagrams","5.0043","Fc","Calculated data",""
"GB","Burning - Crop Residues","223","Turkey","72317","Emissions (CO2eq) (Burning crop residues)","15","Wheat","2016","2016","gigagrams","238.6455","Fc","Calculated data",""
"GB","Burning - Crop Residues","213","Turkmenistan","72317","Emissions (CO2eq) (Burning crop residues)","56","Maize","2016","2016","gigagrams","2.879","Fc","Calculated data",""
"GB","Burning - Crop Residues","213","Turkmenistan","72317","Emissions (CO2eq) (Burning crop residues)","27","Rice, paddy","2016","2016","gigagrams","6.0887","Fc","Calculated data",""
"GB","Burning - Crop Residues","213","Turkmenistan","72317","Emissions (CO2eq) (Burning crop residues)","15","Wheat","2016","2016","gigagrams","60.8912","Fc","Calculated data",""
"GB","Burning - Crop Residues","226","Uganda","72317","Emissions (CO2eq) (Burning crop residues)","56","Maize","2016","2016","gigagrams","90.8005","Fc","Calculated data",""
"GB","Burning - Crop Residues","226","Uganda","72317","Emissions (CO2eq) (Burning crop residues)","27","Rice, paddy","2016","2016","gigagrams","4.1455","Fc","Calculated data",""
"GB","Burning - Crop Residues","226","Uganda","72317","Emissions (CO2eq) (Burning crop residues)","156","Sugar cane","2016","2016","gigagrams","2.8249","Fc","Calculated data",""
"GB","Burning - Crop Residues","226","Uganda","72317","Emissions (CO2eq) (Burning crop residues)","15","Wheat","2016","2016","gigagrams","0.4605","Fc","Calculated data",""
"GB","Burning - Crop Residues","230","Ukraine","72317","Emissions (CO2eq) (Burning crop residues)","56","Maize","2016","2016","gigagrams","333.3725","Fc","Calculated data",""
"GB","Burning - Crop Residues","230","Ukraine","72317","Emissions (CO2eq) (Burning crop residues)","27","Rice, paddy","2016","2016","gigagrams","0.5174","Fc","Calculated data",""
"GB","Burning - Crop Residues","230","Ukraine","72317","Emissions (CO2eq) (Burning crop residues)","15","Wheat","2016","2016","gigagrams","194.6139","Fc","Calculated data",""
"GB","Burning - Crop Residues","225","United Arab Emirates","72317","Emissions (CO2eq) (Burning crop residues)","56","Maize","2016","2016","gigagrams","0.0141","Fc","Calculated data",""
"GB","Burning - Crop Residues","225","United Arab Emirates","72317","Emissions (CO2eq) (Burning crop residues)","15","Wheat","2016","2016","gigagrams","0.0008","Fc","Calculated data",""
"GB","Burning - Crop Residues","229","United Kingdom of Great Britain and Northern Ireland","72317","Emissions (CO2eq) (Burning crop residues)","15","Wheat","2016","2016","gigagrams","57.1693","Fc","Calculated data",""
"GB","Burning - Crop Residues","215","United Republic of Tanzania","72317","Emissions (CO2eq) (Burning crop residues)","56","Maize","2016","2016","gigagrams","318.1316","Fc","Calculated data",""
"GB","Burning - Crop Residues","215","United Republic of Tanzania","72317","Emissions (CO2eq) (Burning crop residues)","27","Rice, paddy","2016","2016","gigagrams","53.2256","Fc","Calculated data",""
"GB","Burning - Crop Residues","215","United Republic of Tanzania","72317","Emissions (CO2eq) (Burning crop residues)","156","Sugar cane","2016","2016","gigagrams","4.8749","Fc","Calculated data",""
"GB","Burning - Crop Residues","215","United Republic of Tanzania","72317","Emissions (CO2eq) (Burning crop residues)","15","Wheat","2016","2016","gigagrams","3.3533","Fc","Calculated data",""
"GB","Burning - Crop Residues","231","United States of America","72317","Emissions (CO2eq) (Burning crop residues)","56","Maize","2016","2016","gigagrams","2752.3143","Fc","Calculated data",""
"GB","Burning - Crop Residues","231","United States of America","72317","Emissions (CO2eq) (Burning crop residues)","27","Rice, paddy","2016","2016","gigagrams","54.0432","Fc","Calculated data",""
"GB","Burning - Crop Residues","231","United States of America","72317","Emissions (CO2eq) (Burning crop residues)","156","Sugar cane","2016","2016","gigagrams","18.6249","Fc","Calculated data",""
"GB","Burning - Crop Residues","231","United States of America","72317","Emissions (CO2eq) (Burning crop residues)","15","Wheat","2016","2016","gigagrams","556.5039","Fc","Calculated data",""
"GB","Burning - Crop Residues","234","Uruguay","72317","Emissions (CO2eq) (Burning crop residues)","56","Maize","2016","2016","gigagrams","5.1744","Fc","Calculated data",""
"GB","Burning - Crop Residues","234","Uruguay","72317","Emissions (CO2eq) (Burning crop residues)","27","Rice, paddy","2016","2016","gigagrams","7.0932","Fc","Calculated data",""
"GB","Burning - Crop Residues","234","Uruguay","72317","Emissions (CO2eq) (Burning crop residues)","156","Sugar cane","2016","2016","gigagrams","0.3873","Fc","Calculated data",""
"GB","Burning - Crop Residues","234","Uruguay","72317","Emissions (CO2eq) (Burning crop residues)","15","Wheat","2016","2016","gigagrams","6.7424","Fc","Calculated data",""
"GB","Burning - Crop Residues","235","Uzbekistan","72317","Emissions (CO2eq) (Burning crop residues)","56","Maize","2016","2016","gigagrams","3.1125","Fc","Calculated data",""
"GB","Burning - Crop Residues","235","Uzbekistan","72317","Emissions (CO2eq) (Burning crop residues)","27","Rice, paddy","2016","2016","gigagrams","3.1176","Fc","Calculated data",""
"GB","Burning - Crop Residues","235","Uzbekistan","72317","Emissions (CO2eq) (Burning crop residues)","15","Wheat","2016","2016","gigagrams","45.356","Fc","Calculated data",""
"GB","Burning - Crop Residues","155","Vanuatu","72317","Emissions (CO2eq) (Burning crop residues)","56","Maize","2016","2016","gigagrams","0.1151","Fc","Calculated data",""
"GB","Burning - Crop Residues","236","Venezuela (Bolivarian Republic of)","72317","Emissions (CO2eq) (Burning crop residues)","56","Maize","2016","2016","gigagrams","33.7121","Fc","Calculated data",""
"GB","Burning - Crop Residues","236","Venezuela (Bolivarian Republic of)","72317","Emissions (CO2eq) (Burning crop residues)","27","Rice, paddy","2016","2016","gigagrams","3.105","Fc","Calculated data",""
"GB","Burning - Crop Residues","236","Venezuela (Bolivarian Republic of)","72317","Emissions (CO2eq) (Burning crop residues)","156","Sugar cane","2016","2016","gigagrams","2.6616","Fc","Calculated data",""
"GB","Burning - Crop Residues","236","Venezuela (Bolivarian Republic of)","72317","Emissions (CO2eq) (Burning crop residues)","15","Wheat","2016","2016","gigagrams","0.0015","Fc","Calculated data",""
"GB","Burning - Crop Residues","237","Viet Nam","72317","Emissions (CO2eq) (Burning crop residues)","56","Maize","2016","2016","gigagrams","90.3035","Fc","Calculated data",""
"GB","Burning - Crop Residues","237","Viet Nam","72317","Emissions (CO2eq) (Burning crop residues)","27","Rice, paddy","2016","2016","gigagrams","333.5212","Fc","Calculated data",""
"GB","Burning - Crop Residues","237","Viet Nam","72317","Emissions (CO2eq) (Burning crop residues)","156","Sugar cane","2016","2016","gigagrams","13.0622","Fc","Calculated data",""
"GB","Burning - Crop Residues","243","Wallis and Futuna Islands","72317","Emissions (CO2eq) (Burning crop residues)","156","Sugar cane","2016","2016","gigagrams","0.0001","Fc","Calculated data",""
"GB","Burning - Crop Residues","249","Yemen","72317","Emissions (CO2eq) (Burning crop residues)","56","Maize","2016","2016","gigagrams","2.6388","Fc","Calculated data",""
"GB","Burning - Crop Residues","249","Yemen","72317","Emissions (CO2eq) (Burning crop residues)","156","Sugar cane","2016","2016","gigagrams","0","Fc","Calculated data",""
"GB","Burning - Crop Residues","249","Yemen","72317","Emissions (CO2eq) (Burning crop residues)","15","Wheat","2016","2016","gigagrams","1.9303","Fc","Calculated data",""
"GB","Burning - Crop Residues","251","Zambia","72317","Emissions (CO2eq) (Burning crop residues)","56","Maize","2016","2016","gigagrams","90.7679","Fc","Calculated data",""
"GB","Burning - Crop Residues","251","Zambia","72317","Emissions (CO2eq) (Burning crop residues)","27","Rice, paddy","2016","2016","gigagrams","0.9524","Fc","Calculated data",""
"GB","Burning - Crop Residues","251","Zambia","72317","Emissions (CO2eq) (Burning crop residues)","156","Sugar cane","2016","2016","gigagrams","2.1355","Fc","Calculated data",""
"GB","Burning - Crop Residues","251","Zambia","72317","Emissions (CO2eq) (Burning crop residues)","15","Wheat","2016","2016","gigagrams","0.758","Fc","Calculated data",""
"GB","Burning - Crop Residues","181","Zimbabwe","72317","Emissions (CO2eq) (Burning crop residues)","56","Maize","2016","2016","gigagrams","107.4545","Fc","Calculated data",""
"GB","Burning - Crop Residues","181","Zimbabwe","72317","Emissions (CO2eq) (Burning crop residues)","27","Rice, paddy","2016","2016","gigagrams","0.0138","Fc","Calculated data",""
"GB","Burning - Crop Residues","181","Zimbabwe","72317","Emissions (CO2eq) (Burning crop residues)","156","Sugar cane","2016","2016","gigagrams","2.2168","Fc","Calculated data",""
"GB","Burning - Crop Residues","181","Zimbabwe","72317","Emissions (CO2eq) (Burning crop residues)","15","Wheat","2016","2016","gigagrams","0.6929","Fc","Calculated data",""
